Идентификатор,Код станции,Код первого транзитного пункта,Расстояние до первого транзитного пункта (км),Код второго транзитного пункта,Расстояние до второго транзитного пункта (км),Код третьего транзитного пункта,Расстояние до третьего транзитного пункта (км),Код четвертого узловой станции,Расстояние до четвертого транзитного пункта (км),Тип коррекции,Дата начала действия,Время обновления
1,710507,690002,15,690200,6,0,0,0,0,U,16.04.2025,07.04.2025 14:37
2,660613,0,0,0,0,0,0,0,0,U,04.05.2018,16.05.2018 14:23
3,661103,0,0,0,0,0,0,0,0,U,20.09.2021,20.09.2021 08:01
4,662002,0,0,0,0,0,0,0,0,U,01.07.2011,30.06.2011 18:21
5,662411,0,0,0,0,0,0,0,0,U,15.05.2018,16.05.2018 14:23
6,662801,0,0,0,0,0,0,0,0,U,19.07.2019,19.07.2019 09:44
7,662905,0,0,0,0,0,0,0,0,I,01.12.2005,14.12.2005 12:44
8,663306,0,0,0,0,0,0,0,0,U,25.07.2019,25.07.2019 09:29
9,663503,0,0,0,0,0,0,0,0,I,01.12.2005,14.12.2005 12:44
10,663607,663306,71,664703,255,691607,52,0,0,U,25.07.2019,22.08.2019 15:12
11,663700,663306,114,664703,212,691607,95,0,0,U,25.07.2019,22.08.2019 07:30
12,663908,663306,179,664703,147,691607,160,0,0,U,08.11.2024,07.11.2024 12:40
13,663912,663306,201,664703,125,691607,182,0,0,U,25.07.2019,20.08.2019 06:45
14,663927,663306,223,664703,103,691607,204,0,0,U,25.07.2019,16.08.2019 12:55
15,664506,663306,242,664703,84,691607,223,0,0,U,25.07.2019,20.08.2019 08:31
16,664510,663306,263,664703,63,691607,244,0,0,U,25.07.2019,27.08.2019 08:52
17,664525,663306,284,664703,42,691607,265,0,0,U,25.07.2019,23.08.2019 12:02
18,664533,663306,302,664703,24,691607,283,0,0,U,25.07.2019,20.08.2019 07:11
19,664600,663306,322,664703,4,691607,303,0,0,U,25.07.2019,20.08.2019 09:58
20,664703,0,0,0,0,0,0,0,0,U,05.06.2013,05.06.2013 15:51
21,664900,0,0,0,0,0,0,0,0,U,01.07.2011,30.06.2011 19:22
22,665000,664900,12,666501,369,0,0,0,0,U,28.11.2012,29.11.2012 18:30
23,665015,0,0,0,0,0,0,0,0,U,15.05.2018,16.05.2018 14:23
24,665053,664900,23,666501,358,0,0,0,0,U,28.11.2012,29.11.2012 18:30
25,665104,664900,35,666501,346,0,0,0,0,U,25.07.2024,23.07.2024 10:44
26,665119,664900,49,666501,332,0,0,0,0,U,28.11.2012,29.11.2012 18:30
27,665123,0,0,0,0,0,0,0,0,U,01.05.2018,28.04.2018 12:27
28,665208,664900,64,666501,317,0,0,0,0,U,28.11.2012,29.11.2012 18:30
29,665301,664900,77,666501,304,0,0,0,0,U,21.06.2024,20.06.2024 10:41
30,665316,0,0,0,0,0,0,0,0,U,01.05.2018,28.04.2018 12:27
31,665405,664900,94,666501,287,0,0,0,0,U,25.05.2024,24.05.2024 13:17
32,667909,664900,105,666501,276,0,0,0,0,U,02.06.2020,02.06.2020 14:25
33,665509,664900,112,666501,269,0,0,0,0,U,08.11.2024,07.11.2024 12:23
34,665602,664900,117,666501,264,0,0,0,0,U,08.11.2024,07.11.2024 12:10
35,665903,668600,118,683102,400,0,0,0,0,U,25.07.2019,23.08.2019 09:12
36,666003,664900,126,666501,255,0,0,0,0,U,29.01.2016,01.02.2016 13:18
37,666107,664900,136,666501,245,0,0,0,0,U,21.06.2024,20.06.2024 10:43
38,666111,664900,147,666501,234,0,0,0,0,U,28.11.2012,29.11.2012 18:30
39,666200,664900,155,666501,226,0,0,0,0,U,28.11.2012,29.11.2012 18:30
40,666215,0,0,0,0,0,0,0,0,U,21.02.2018,21.02.2018 12:03
41,666220,664900,176,666501,205,0,0,0,0,U,28.11.2012,29.11.2012 18:30
42,666304,664900,187,666501,194,0,0,0,0,U,28.11.2012,29.11.2012 18:30
43,660007,0,0,0,0,0,0,0,0,U,01.11.2015,21.10.2015 15:24
44,670121,0,0,0,0,0,0,0,0,I,01.12.2005,14.12.2005 12:44
45,670136,670102,28,698004,867,0,0,0,0,U,25.07.2019,23.08.2019 09:18
46,670140,0,0,0,0,0,0,0,0,I,01.12.2005,14.12.2005 12:44
47,670206,670102,102,698004,793,0,0,0,0,U,25.07.2019,28.08.2019 13:58
48,670309,670102,52,698004,843,0,0,0,0,U,28.01.2022,28.01.2022 05:21
49,670314,0,0,0,0,0,0,0,0,U,04.05.2018,16.05.2018 14:23
50,670329,0,0,0,0,0,0,0,0,U,04.05.2018,16.05.2018 14:23
51,670333,670102,75,698004,820,0,0,0,0,U,25.07.2019,27.08.2019 08:16
52,670352,670102,91,698004,804,0,0,0,0,U,25.07.2019,19.08.2019 11:51
53,670371,0,0,0,0,0,0,0,0,I,01.12.2005,14.12.2005 12:44
54,670403,670102,127,698004,768,0,0,0,0,U,25.07.2019,22.08.2019 12:30
55,670418,0,0,0,0,0,0,0,0,I,01.12.2005,14.12.2005 12:44
56,670437,670102,156,698004,739,0,0,0,0,U,25.07.2019,20.08.2019 06:52
57,670507,670102,180,698004,715,0,0,0,0,U,20.09.2021,20.09.2021 08:03
58,670511,670102,191,698004,704,0,0,0,0,U,25.07.2019,28.08.2019 12:36
59,670526,670102,200,698004,695,0,0,0,0,U,25.07.2019,23.08.2019 07:53
60,670530,670102,217,698004,678,0,0,0,0,U,25.07.2019,26.08.2019 09:35
61,670545,670102,225,698004,670,0,0,0,0,U,25.07.2019,21.08.2019 13:55
62,670579,670102,252,698004,643,0,0,0,0,U,25.07.2019,20.08.2019 08:38
63,670583,670102,259,698004,636,0,0,0,0,U,25.07.2019,16.08.2019 12:59
64,670600,670102,275,698004,620,0,0,0,0,U,20.09.2021,20.09.2021 08:04
65,670615,670102,302,698004,593,0,0,0,0,U,25.07.2019,21.08.2019 13:31
66,670634,670102,331,698004,564,0,0,0,0,U,25.07.2019,23.08.2019 08:25
67,670704,670102,344,698004,551,0,0,0,0,U,25.07.2019,26.08.2019 12:28
68,670808,670102,244,698004,651,0,0,0,0,U,25.07.2019,19.08.2019 12:33
69,670901,670102,352,698004,543,0,0,0,0,U,25.07.2019,22.08.2019 11:54
70,670916,670102,360,698004,535,0,0,0,0,U,25.07.2019,19.08.2019 11:46
71,670920,0,0,0,0,0,0,0,0,I,01.12.2005,14.12.2005 12:44
72,670935,670102,381,698004,514,0,0,0,0,U,25.07.2019,26.08.2019 08:56
73,670954,670102,402,698004,493,0,0,0,0,U,25.07.2019,22.08.2019 15:11
74,670973,670102,416,698004,479,0,0,0,0,U,25.07.2019,22.08.2019 12:39
75,671406,670102,424,698004,471,0,0,0,0,U,25.07.2019,21.08.2019 14:11
76,671504,670102,449,698004,446,0,0,0,0,U,25.07.2019,28.08.2019 06:48
77,671529,0,0,0,0,0,0,0,0,I,01.12.2005,14.12.2005 12:44
78,671533,670102,476,698004,419,0,0,0,0,U,25.07.2019,22.08.2019 15:20
79,671707,670102,501,698004,394,0,0,0,0,U,25.07.2019,26.08.2019 07:41
80,671800,670102,510,698004,385,0,0,0,0,U,25.07.2019,20.08.2019 06:55
81,671823,670102,524,698004,371,0,0,0,0,U,25.07.2019,20.08.2019 07:15
82,671834,670102,536,698004,359,0,0,0,0,U,25.07.2019,26.08.2019 14:50
83,671849,670102,545,698004,350,0,0,0,0,U,25.07.2019,23.08.2019 07:47
84,671904,670102,552,698004,343,0,0,0,0,U,25.07.2019,27.08.2019 08:47
85,671919,670102,562,698004,333,0,0,0,0,U,25.07.2019,26.08.2019 14:56
86,671923,670102,570,698004,325,0,0,0,0,U,25.07.2019,26.08.2019 09:36
87,672004,670102,578,698004,317,0,0,0,0,U,25.07.2019,27.08.2019 15:03
88,672019,670102,586,698004,309,0,0,0,0,U,25.07.2019,19.08.2019 12:40
89,672108,670102,602,698004,293,0,0,0,0,U,25.07.2019,19.08.2019 12:31
90,672112,670102,610,698004,285,0,0,0,0,U,25.07.2019,26.08.2019 15:04
91,672201,670102,628,698004,267,0,0,0,0,U,25.07.2019,28.08.2019 13:43
92,672216,670102,637,698004,258,0,0,0,0,U,25.07.2019,16.08.2019 13:07
93,672220,670102,647,698004,248,0,0,0,0,U,25.07.2019,21.08.2019 13:51
94,672305,670102,688,698004,207,0,0,0,0,U,08.11.2024,07.11.2024 12:08
95,672409,670102,656,698004,239,0,0,0,0,U,25.07.2019,28.08.2019 07:34
96,672413,670102,665,698004,230,0,0,0,0,U,25.07.2019,20.08.2019 08:35
97,672428,670102,672,698004,223,0,0,0,0,U,25.02.2021,25.02.2021 14:35
98,672502,670102,680,698004,215,0,0,0,0,U,25.02.2021,25.02.2021 14:34
99,672521,670102,697,698004,198,0,0,0,0,U,25.07.2019,20.08.2019 08:36
100,672536,670102,705,698004,190,0,0,0,0,U,25.07.2019,16.08.2019 13:06
101,672606,670102,717,698004,178,0,0,0,0,U,25.07.2019,27.08.2019 08:53
102,672700,670102,728,698004,167,0,0,0,0,U,25.07.2019,20.08.2019 07:08
103,672729,0,0,0,0,0,0,0,0,U,04.05.2018,16.05.2018 14:23
104,672733,670102,756,698004,139,0,0,0,0,U,25.07.2019,27.08.2019 08:39
105,672803,670102,766,698004,129,0,0,0,0,U,25.07.2019,28.08.2019 14:00
106,673007,0,0,0,0,0,0,0,0,U,25.07.2019,25.07.2019 09:12
107,673124,0,0,0,0,0,0,0,0,I,01.12.2005,14.12.2005 12:44
108,673149,673007,4,673905,19,0,0,0,0,U,25.07.2019,26.08.2019 12:21
109,673204,690200,184,673007,22,0,0,0,0,U,25.07.2019,26.08.2019 12:15
110,673219,0,0,0,0,0,0,0,0,I,01.12.2005,14.12.2005 12:44
111,673223,690200,197,673007,9,0,0,0,0,U,25.07.2019,23.08.2019 08:02
112,673308,690200,175,673007,31,0,0,0,0,U,25.07.2019,26.08.2019 09:51
113,673401,690200,148,673007,58,0,0,0,0,U,25.07.2019,28.08.2019 13:52
114,673416,0,0,0,0,0,0,0,0,I,01.12.2005,14.12.2005 12:44
115,673420,0,0,0,0,0,0,0,0,U,15.06.2018,15.06.2018 14:41
116,673505,690200,120,673007,86,0,0,0,0,U,25.07.2019,16.08.2019 13:15
117,673609,690200,100,673007,106,0,0,0,0,U,25.07.2019,27.08.2019 08:20
118,673702,673007,9,673905,14,0,0,0,0,U,24.10.2023,20.10.2023 06:31
119,673806,673007,20,673905,3,0,0,0,0,U,25.02.2021,25.02.2021 13:57
120,673905,0,0,0,0,0,0,0,0,U,09.01.2024,08.01.2024 11:41
121,674000,673007,14,0,0,0,0,0,0,U,25.07.2019,22.08.2019 12:36
122,674103,673007,19,690200,203,0,0,0,0,U,27.11.2020,20.11.2020 14:21
123,674122,673007,25,690200,209,0,0,0,0,U,27.11.2020,20.11.2020 14:22
124,674141,0,0,0,0,0,0,0,0,I,01.12.2005,14.12.2005 12:44
125,674207,673007,38,690200,222,0,0,0,0,U,27.11.2020,20.11.2020 14:24
126,674300,673007,35,690200,219,0,0,0,0,U,27.11.2020,20.11.2020 14:23
127,674404,673007,27,690200,211,0,0,0,0,U,27.11.2020,20.11.2020 14:23
128,674508,673007,55,690200,239,0,0,0,0,U,08.11.2023,03.11.2023 06:35
129,674601,673007,67,690200,251,0,0,0,0,U,27.11.2020,20.11.2020 14:25
130,674705,673007,49,690200,237,0,0,0,0,U,25.07.2019,20.08.2019 08:39
131,674902,673007,83,690200,271,0,0,0,0,U,25.02.2021,25.02.2021 13:54
132,675002,673007,234,690200,422,0,0,0,0,U,25.07.2019,20.08.2019 08:41
133,675125,673007,14,690200,198,0,0,0,0,U,27.11.2020,20.11.2020 14:20
134,675206,673007,257,690200,445,0,0,0,0,U,25.07.2019,22.08.2019 12:36
135,675303,673905,5,675905,116,0,0,0,0,U,25.07.2019,22.08.2019 12:37
136,675407,673905,30,675905,91,0,0,0,0,U,25.07.2019,22.08.2019 12:34
137,675411,0,0,0,0,0,0,0,0,U,15.06.2018,15.06.2018 14:41
138,675500,673905,40,675905,101,0,0,0,0,U,25.07.2019,28.08.2019 07:48
139,675708,673905,56,675905,65,0,0,0,0,U,25.02.2021,25.02.2021 13:58
140,675731,0,0,0,0,0,0,0,0,U,21.02.2018,21.02.2018 12:03
141,675801,673905,70,675905,51,0,0,0,0,U,25.07.2019,22.08.2019 15:18
142,675905,0,0,0,0,0,0,0,0,U,19.07.2019,24.07.2019 14:57
143,666319,0,0,0,0,0,0,0,0,U,01.05.2018,28.04.2018 12:27
144,666323,664900,204,666501,177,0,0,0,0,U,28.11.2012,29.11.2012 18:30
145,666338,664900,214,666501,167,0,0,0,0,U,28.11.2012,29.11.2012 18:30
146,666342,664900,226,666501,155,0,0,0,0,U,28.11.2012,29.11.2012 18:30
147,666408,664900,235,666501,146,0,0,0,0,U,28.11.2012,29.11.2012 18:30
148,666412,664900,245,666501,136,0,0,0,0,U,28.11.2012,29.11.2012 18:30
149,666427,664900,254,666501,127,0,0,0,0,U,28.11.2012,29.11.2012 18:30
150,666501,0,0,0,0,0,0,0,0,I,01.12.2005,14.12.2005 12:44
151,666605,664900,272,666501,109,0,0,0,0,U,28.11.2012,29.11.2012 18:30
152,666624,664900,291,666501,90,0,0,0,0,U,28.11.2012,29.11.2012 18:30
153,666639,0,0,0,0,0,0,0,0,U,21.02.2018,21.02.2018 12:03
154,666709,664900,314,666501,67,0,0,0,0,U,01.07.2017,03.07.2017 10:53
155,666713,664900,323,666501,58,0,0,0,0,U,28.11.2012,29.11.2012 18:30
156,666732,664900,340,666501,41,0,0,0,0,U,28.11.2012,29.11.2012 18:30
157,666802,664900,352,666501,29,0,0,0,0,U,28.11.2012,29.11.2012 18:30
158,666821,664900,370,666501,11,0,0,0,0,U,28.11.2012,29.11.2012 18:30
159,666906,666501,0,0,0,0,0,0,0,U,25.07.2019,23.08.2019 08:56
160,690708,680000,334,690002,42,0,0,0,0,U,08.11.2024,07.11.2024 12:06
161,667928,0,0,0,0,0,0,0,0,I,01.12.2005,14.12.2005 12:44
162,668009,668600,44,683102,474,0,0,0,0,U,25.07.2019,27.08.2019 08:37
163,668206,668600,17,683102,501,0,0,0,0,U,25.07.2019,28.08.2019 13:14
164,668600,0,0,0,0,0,0,0,0,U,25.07.2019,25.07.2019 09:35
165,668704,668600,23,683102,507,0,0,0,0,U,25.07.2019,21.08.2019 13:35
166,668901,668600,64,683102,454,0,0,0,0,U,09.01.2024,08.01.2024 11:52
167,668916,668600,95,683102,423,0,0,0,0,U,25.07.2019,22.08.2019 11:53
168,668935,668600,155,683102,363,0,0,0,0,U,25.07.2019,28.08.2019 12:37
169,669105,668600,181,683102,337,0,0,0,0,U,25.07.2019,16.08.2019 12:51
170,669209,668600,21,678405,57,0,0,0,0,U,25.07.2019,23.08.2019 07:41
171,669410,0,0,0,0,0,0,0,0,I,01.12.2005,14.12.2005 12:44
172,669745,0,0,0,0,0,0,0,0,U,01.07.2018,03.07.2018 15:14
173,669815,0,0,0,0,0,0,0,0,U,01.07.2018,03.07.2018 15:14
174,669826,0,0,0,0,0,0,0,0,I,01.12.2005,14.12.2005 12:44
175,669849,0,0,0,0,0,0,0,0,I,01.12.2005,14.12.2005 12:44
176,669904,0,0,0,0,0,0,0,0,U,20.09.2021,20.09.2021 07:58
177,669923,0,0,0,0,0,0,0,0,I,01.12.2005,14.12.2005 12:44
178,669957,0,0,0,0,0,0,0,0,U,04.05.2018,16.05.2018 14:23
179,669980,0,0,0,0,0,0,0,0,U,04.05.2018,16.05.2018 14:23
180,670028,0,0,0,0,0,0,0,0,I,01.12.2005,14.12.2005 12:44
181,670066,0,0,0,0,0,0,0,0,U,04.05.2018,16.05.2018 14:23
182,670085,0,0,0,0,0,0,0,0,I,01.12.2005,14.12.2005 12:44
183,670102,0,0,0,0,0,0,0,0,U,15.10.2021,15.10.2021 09:07
184,670117,0,0,0,0,0,0,0,0,U,01.05.2018,30.07.2018 11:59
185,683418,668600,362,683102,156,0,0,0,0,U,25.07.2019,27.08.2019 08:55
186,683507,683102,40,0,0,0,0,0,0,U,25.07.2019,26.08.2019 12:33
187,683600,683102,71,0,0,0,0,0,0,U,09.01.2024,08.01.2024 11:40
188,683687,0,0,0,0,0,0,0,0,U,01.06.2018,06.07.2018 15:20
189,683808,683102,109,0,0,0,0,0,0,U,25.07.2019,22.08.2019 07:39
190,683901,684001,46,683102,50,680000,330,0,0,U,31.12.2020,31.12.2020 08:42
191,683916,684001,29,683102,67,680000,347,0,0,U,30.12.2020,30.12.2020 17:50
192,684001,0,0,0,0,0,0,0,0,U,15.01.2018,15.01.2018 19:03
193,684054,0,0,0,0,0,0,0,0,U,01.06.2018,01.06.2018 16:13
194,684116,668600,258,683102,260,0,0,0,0,U,25.07.2019,28.08.2019 06:48
195,684317,680000,383,0,0,0,0,0,0,U,01.07.2025,20.06.2025 15:01
196,684213,0,0,0,0,0,0,0,0,U,01.06.2018,01.06.2018 16:13
197,684228,668600,220,683102,298,0,0,0,0,U,25.07.2019,26.08.2019 08:35
198,684302,682203,130,684001,36,0,0,0,0,U,01.06.2018,01.06.2018 16:13
199,684406,682203,110,684001,56,0,0,0,0,U,09.01.2024,08.01.2024 11:49
200,684501,682203,100,684001,66,0,0,0,0,U,28.11.2012,29.11.2012 18:28
201,684603,682203,89,684001,77,0,0,0,0,U,07.03.2024,06.03.2024 16:06
202,684707,682203,68,684001,98,0,0,0,0,U,06.05.2025,05.05.2025 07:30
203,684800,682203,49,684001,117,0,0,0,0,U,05.08.2025,05.08.2025 09:28
204,684815,682203,40,684001,126,0,0,0,0,U,28.11.2012,29.11.2012 18:28
205,684904,684001,135,682203,49,0,0,0,0,U,01.11.2015,21.10.2015 15:24
206,685004,682203,60,684001,146,0,0,0,0,U,28.11.2012,29.11.2012 18:28
207,685108,682203,30,684001,136,0,0,0,0,U,28.11.2012,29.11.2012 18:28
208,685112,0,0,0,0,0,0,0,0,U,01.06.2018,01.06.2018 16:13
209,685201,682203,9,684001,157,0,0,0,0,U,28.11.2012,29.11.2012 18:28
210,685311,0,0,0,0,0,0,0,0,I,01.12.2005,14.12.2005 12:44
211,684529,0,0,0,0,0,0,0,0,U,01.06.2018,30.07.2018 11:59
212,685707,0,0,0,0,0,0,0,0,U,25.02.2021,25.02.2021 13:31
213,685803,0,0,0,0,0,0,0,0,U,01.07.2011,30.06.2011 18:56
214,686517,0,0,0,0,0,0,0,0,I,01.12.2005,14.12.2005 12:44
215,687008,0,0,0,0,0,0,0,0,U,05.12.2007,05.12.2007 12:09
216,687118,0,0,0,0,0,0,0,0,U,15.06.2018,15.06.2018 14:41
217,687739,0,0,0,0,0,0,0,0,U,04.05.2018,16.05.2018 14:23
218,687921,0,0,0,0,0,0,0,0,I,01.12.2005,14.12.2005 12:44
219,688708,0,0,0,0,0,0,0,0,I,01.12.2005,14.12.2005 12:44
220,688905,668600,326,683102,192,0,0,0,0,U,08.04.2022,08.04.2022 09:28
221,689984,680000,409,0,0,0,0,0,0,U,01.07.2025,20.06.2025 14:01
222,689109,680000,436,0,0,0,0,0,0,U,05.04.2024,03.04.2024 07:14
223,690002,0,0,0,0,0,0,0,0,U,12.11.2024,11.11.2024 16:06
224,690200,0,0,0,0,0,0,0,0,U,15.03.2010,15.03.2010 10:53
225,690214,0,0,0,0,0,0,0,0,U,15.04.2018,16.04.2018 12:16
226,690229,690200,25,673007,181,0,0,0,0,U,25.07.2019,26.08.2019 12:23
227,690303,690200,36,673007,170,0,0,0,0,U,25.07.2019,19.08.2019 12:29
228,690318,0,0,0,0,0,0,0,0,I,01.12.2005,14.12.2005 12:44
229,690407,690200,55,673007,151,0,0,0,0,U,25.07.2019,19.08.2019 11:55
230,690500,690200,83,673007,123,0,0,0,0,U,26.05.2020,19.05.2020 11:30
231,691005,680000,349,690002,27,0,0,0,0,U,01.07.2025,30.06.2025 07:14
232,690727,0,0,0,0,0,0,0,0,U,04.05.2018,16.05.2018 14:23
233,690801,680000,321,690002,55,0,0,0,0,U,25.07.2019,28.08.2019 06:27
234,690905,680000,293,690002,83,0,0,0,0,U,25.07.2019,22.08.2019 12:32
235,690915,0,0,0,0,0,0,0,0,U,14.11.2018,16.11.2018 18:58
236,691109,680000,255,690002,121,0,0,0,0,U,08.11.2024,07.11.2024 12:04
237,691113,0,0,0,0,0,0,0,0,U,04.05.2018,16.05.2018 14:23
238,691202,680000,223,690002,153,0,0,0,0,U,25.07.2019,23.08.2019 08:12
239,691306,680000,203,690002,173,0,0,0,0,U,09.01.2024,08.01.2024 11:44
240,691406,680000,189,690002,187,0,0,0,0,U,08.11.2023,03.11.2023 06:24
241,691503,680000,147,690002,229,0,0,0,0,U,08.11.2023,03.11.2023 06:26
242,692525,0,0,0,0,0,0,0,0,U,12.01.2018,05.02.2018 16:03
243,692629,0,0,0,0,0,0,0,0,I,01.12.2005,14.12.2005 12:44
244,692722,0,0,0,0,0,0,0,0,U,01.05.2018,28.04.2018 12:27
245,692811,0,0,0,0,0,0,0,0,U,04.05.2018,16.05.2018 14:23
246,693123,0,0,0,0,0,0,0,0,U,12.01.2018,05.02.2018 16:03
247,693208,690200,43,693405,84,0,0,0,0,U,25.07.2019,27.08.2019 08:36
248,693301,690200,84,693405,43,0,0,0,0,U,25.07.2019,21.08.2019 14:00
249,675910,0,0,0,0,0,0,0,0,U,15.11.2018,16.11.2018 18:58
250,675924,675905,26,677309,189,0,0,0,0,U,25.07.2019,26.08.2019 12:12
251,675939,675905,44,677309,171,0,0,0,0,U,25.07.2019,16.08.2019 12:49
252,675943,0,0,0,0,0,0,0,0,I,01.12.2005,14.12.2005 12:44
253,675977,0,0,0,0,0,0,0,0,U,15.06.2018,15.06.2018 14:41
254,676005,677309,67,708009,457,708507,766,0,0,U,04.08.2021,04.08.2021 12:58
255,676016,677309,96,708009,428,708507,737,0,0,U,04.08.2021,04.08.2021 12:58
256,676024,677309,30,708009,494,708507,803,0,0,U,04.08.2021,04.08.2021 12:59
257,676109,673905,93,675905,28,0,0,0,0,U,25.07.2019,21.08.2019 13:20
258,676240,0,0,0,0,0,0,0,0,U,15.06.2018,13.01.2019 00:00
259,676700,0,0,0,0,0,0,0,0,U,05.04.2024,03.04.2024 07:12
260,676838,0,0,0,0,0,0,0,0,U,15.06.2018,15.06.2018 14:41
261,677205,675905,78,677309,137,0,0,0,0,U,25.07.2019,16.08.2019 12:52
262,677211,675905,102,677309,113,0,0,0,0,U,25.07.2019,21.08.2019 13:36
263,677224,675905,123,677309,92,0,0,0,0,U,25.07.2019,20.08.2019 08:37
264,677239,675905,148,677309,67,0,0,0,0,U,25.07.2019,19.08.2019 06:57
265,679501,675905,167,677309,48,0,0,0,0,U,25.07.2019,23.08.2019 07:51
266,677258,0,0,0,0,0,0,0,0,I,20.03.2007,20.03.2007 15:25
267,677309,0,0,0,0,0,0,0,0,U,18.03.2008,18.03.2008 15:08
268,677332,673007,150,690200,338,0,0,0,0,U,25.07.2019,27.08.2019 08:38
269,677347,0,0,0,0,0,0,0,0,I,20.03.2007,20.03.2007 15:41
270,677506,677309,132,708009,392,708507,701,0,0,U,04.08.2021,04.08.2021 12:57
271,677510,677309,136,708009,388,708507,697,0,0,U,04.08.2021,04.08.2021 12:56
272,677607,677309,155,708009,369,708507,678,0,0,U,04.08.2021,04.08.2021 12:55
273,677703,677309,338,708009,186,708507,495,0,0,U,20.09.2021,20.09.2021 06:33
274,715002,677309,406,708009,118,708507,427,0,0,U,25.08.2023,22.08.2023 13:11
275,683704,677309,458,708009,66,708507,375,0,0,U,15.03.2023,16.03.2023 08:18
276,677737,677309,517,708009,7,708507,316,0,0,U,03.08.2021,03.08.2021 10:14
277,677807,677309,188,708009,336,708507,645,0,0,U,04.08.2021,04.08.2021 12:54
278,677900,677309,214,708009,310,708507,619,0,0,U,04.08.2021,04.08.2021 12:53
279,685606,677309,261,708009,263,708507,572,0,0,U,15.03.2023,16.03.2023 08:07
280,677926,677309,310,708009,214,708507,523,0,0,U,04.08.2021,04.08.2021 12:51
281,678301,668600,42,678405,36,0,0,0,0,U,25.07.2019,19.08.2019 12:07
282,678316,668600,68,678405,10,0,0,0,0,U,25.07.2019,19.08.2019 07:18
283,678405,0,0,0,0,0,0,0,0,U,01.06.2018,31.05.2018 10:56
284,679018,0,0,0,0,0,0,0,0,U,01.06.2018,01.06.2018 16:13
285,679107,0,0,0,0,0,0,0,0,U,01.06.2018,31.05.2018 10:56
286,680000,0,0,0,0,0,0,0,0,U,19.07.2019,24.07.2019 14:25
287,680015,680000,12,0,0,0,0,0,0,U,25.07.2019,26.08.2019 13:04
288,684285,680000,334,0,0,0,0,0,0,U,01.07.2025,20.06.2025 14:25
289,680208,680000,24,690002,352,0,0,0,0,U,21.06.2024,20.06.2024 10:40
290,680301,680000,39,690002,337,0,0,0,0,U,09.01.2024,08.01.2024 11:43
291,680405,680000,66,690002,310,0,0,0,0,U,25.07.2019,21.08.2019 14:10
292,680509,680000,92,690002,284,0,0,0,0,U,25.07.2019,22.08.2019 12:14
293,680602,680000,113,690002,263,0,0,0,0,U,25.07.2019,26.08.2019 12:33
294,680706,680000,136,690002,240,0,0,0,0,U,25.07.2019,26.08.2019 12:26
295,680800,680000,49,0,0,0,0,0,0,U,25.07.2019,26.08.2019 12:54
296,680903,680000,79,0,0,0,0,0,0,U,25.07.2019,23.08.2019 07:43
297,681003,680000,106,0,0,0,0,0,0,U,14.08.2024,13.08.2024 15:17
298,681107,680000,131,0,0,0,0,0,0,U,01.07.2025,30.06.2025 07:23
299,681200,680000,156,0,0,0,0,0,0,U,25.07.2019,28.08.2019 06:28
300,681304,680000,187,0,0,0,0,0,0,U,25.07.2019,28.08.2019 13:13
301,681408,680000,218,0,0,0,0,0,0,U,01.07.2025,30.06.2025 07:18
302,681501,683102,275,680000,13,684001,363,0,0,U,25.07.2024,23.07.2024 10:48
303,681605,683102,261,680000,27,684001,349,0,0,U,01.07.2025,30.06.2025 07:11
304,681709,680000,255,0,0,0,0,0,0,U,16.03.2020,10.03.2020 13:15
305,681802,680000,288,0,0,0,0,0,0,U,16.03.2020,10.03.2020 13:23
306,681906,683102,245,680000,43,684001,333,0,0,U,27.09.2024,26.09.2024 13:04
307,682006,683102,230,680000,58,684001,318,0,0,U,27.09.2024,26.09.2024 12:58
308,682100,668600,292,683102,226,0,0,0,0,U,25.07.2019,16.08.2019 12:44
309,682203,0,0,0,0,0,0,0,0,I,01.12.2005,14.12.2005 12:44
310,682307,683102,184,680000,104,684001,272,0,0,U,25.07.2024,23.07.2024 10:49
311,711406,683102,200,680000,88,684001,288,0,0,U,14.08.2024,13.08.2024 15:12
312,682326,0,0,0,0,0,0,0,0,U,01.06.2018,01.06.2018 16:13
313,682400,668600,421,683102,97,0,0,0,0,U,25.07.2019,19.08.2019 11:53
314,682504,683102,148,680000,140,684001,236,0,0,U,30.12.2020,30.12.2020 17:38
315,682701,683102,109,680000,179,684001,197,0,0,U,27.09.2024,26.09.2024 13:02
316,682716,0,0,0,0,0,0,0,0,U,01.06.2018,05.07.2018 17:13
317,682720,0,0,0,0,0,0,0,0,U,01.06.2018,30.07.2018 11:59
318,682805,683102,78,680000,210,684001,166,0,0,U,30.12.2020,30.12.2020 17:30
319,682909,683102,47,680000,241,684001,135,0,0,U,05.01.2021,05.01.2021 08:47
320,683009,683102,15,680000,273,684001,103,0,0,U,30.12.2020,30.12.2020 17:41
321,683102,0,0,0,0,0,0,0,0,U,20.09.2021,20.09.2021 07:55
322,683117,0,0,0,0,0,0,0,0,U,01.06.2018,01.06.2018 16:13
323,683121,684001,84,683102,12,680000,292,0,0,U,30.12.2020,30.12.2020 17:52
324,683136,684001,72,683102,24,680000,304,0,0,U,30.12.2020,30.12.2020 17:10
325,683140,684001,55,683102,41,680000,321,0,0,U,30.12.2020,30.12.2020 17:32
326,683206,668600,457,683102,61,0,0,0,0,U,25.07.2019,19.08.2019 11:56
327,683306,668600,501,683102,17,0,0,0,0,U,25.07.2019,26.08.2019 09:34
328,689306,668600,494,683102,24,0,0,0,0,U,25.07.2019,26.08.2019 09:07
329,683403,668600,391,683102,127,0,0,0,0,U,25.07.2019,19.08.2019 07:26
330,700825,0,0,0,0,0,0,0,0,I,01.12.2005,14.12.2005 12:44
331,697603,670102,868,698004,27,0,0,0,0,U,25.07.2019,22.08.2019 15:14
332,702017,0,0,0,0,0,0,0,0,U,21.02.2018,21.02.2018 12:03
333,703414,0,0,0,0,0,0,0,0,U,02.05.2018,11.05.2018 11:09
334,704101,0,0,0,0,0,0,0,0,U,01.06.2018,31.05.2018 10:56
335,704402,0,0,0,0,0,0,0,0,U,01.07.2021,17.06.2021 10:49
336,704510,704402,27,704703,96,0,0,0,0,U,25.07.2019,23.08.2019 09:20
337,704525,704402,56,704703,67,0,0,0,0,U,25.07.2019,28.08.2019 06:28
338,704534,704402,87,704703,36,0,0,0,0,U,25.07.2019,19.08.2019 11:57
339,704600,704402,115,704703,8,0,0,0,0,U,25.07.2019,28.08.2019 14:01
340,704703,0,0,0,0,0,0,0,0,I,01.12.2005,14.12.2005 12:44
341,704718,677309,434,704703,4,0,0,0,0,U,01.05.2018,28.04.2018 12:27
342,704900,677309,374,704703,64,0,0,0,0,U,28.11.2012,29.11.2012 18:33
343,704920,677309,404,704703,34,0,0,0,0,U,28.11.2012,29.11.2012 18:33
344,705000,677309,391,704703,161,0,0,0,0,U,28.11.2012,29.11.2012 18:33
345,705104,677309,347,704703,117,0,0,0,0,U,28.11.2012,29.11.2012 18:34
346,705208,677309,334,704703,104,0,0,0,0,U,25.02.2021,25.02.2021 14:19
347,705231,0,0,0,0,0,0,0,0,U,01.05.2018,28.04.2018 12:27
348,705250,677309,306,704703,132,0,0,0,0,U,25.02.2021,25.02.2021 14:20
349,705265,677309,288,704703,150,0,0,0,0,U,25.02.2021,25.02.2021 14:22
350,705301,677309,266,704703,172,0,0,0,0,U,15.01.2018,15.01.2018 19:03
351,705316,677309,257,704703,181,0,0,0,0,I,07.02.2014,10.02.2014 14:52
352,705320,0,0,0,0,0,0,0,0,U,01.05.2018,28.04.2018 12:27
353,705344,677309,198,704703,240,0,0,0,0,U,28.11.2012,29.11.2012 18:34
354,705354,677309,167,704703,271,0,0,0,0,U,15.01.2018,15.01.2018 19:03
355,705405,677309,137,704703,301,0,0,0,0,U,28.11.2012,29.11.2012 18:34
356,705509,677309,126,704703,312,0,0,0,0,U,20.09.2021,20.09.2021 08:07
357,705528,677309,87,704703,351,0,0,0,0,U,25.02.2021,25.02.2021 14:24
358,705602,677309,64,704703,374,0,0,0,0,U,07.04.2021,07.04.2021 09:27
359,705617,677309,41,704703,397,0,0,0,0,U,28.11.2012,29.11.2012 18:34
360,705621,677309,20,704703,418,0,0,0,0,U,28.11.2012,29.11.2012 18:34
361,705706,677309,218,704703,220,0,0,0,0,U,25.02.2021,25.02.2021 14:22
362,693320,690200,114,693405,13,0,0,0,0,U,25.07.2019,21.08.2019 13:44
363,693405,0,0,0,0,0,0,0,0,U,19.07.2019,24.07.2019 14:13
364,693424,693405,81,0,0,0,0,0,0,U,25.07.2019,27.08.2019 08:41
365,693509,693405,32,0,0,0,0,0,0,U,25.07.2019,28.08.2019 09:51
366,693903,693405,124,0,0,0,0,0,0,U,07.03.2024,06.03.2024 16:10
367,694003,693405,175,0,0,0,0,0,0,U,25.07.2019,21.08.2019 13:58
368,694107,693405,220,0,0,0,0,0,0,U,25.07.2019,16.08.2019 12:50
369,694319,0,0,0,0,0,0,0,0,U,01.06.2017,02.06.2017 15:35
370,694605,0,0,0,0,0,0,0,0,U,19.07.2019,24.07.2019 14:07
371,696102,0,0,0,0,0,0,0,0,U,08.11.2023,03.11.2023 06:34
372,697509,0,0,0,0,0,0,0,0,U,30.06.2011,30.06.2011 17:45
373,697618,670102,851,698004,44,0,0,0,0,U,25.07.2019,26.08.2019 15:14
374,697707,670102,840,698004,55,0,0,0,0,U,25.07.2019,28.08.2019 06:50
375,697711,670102,831,698004,64,0,0,0,0,U,25.07.2019,19.08.2019 06:59
376,697726,0,0,0,0,0,0,0,0,I,01.12.2005,14.12.2005 12:44
377,697730,670102,814,698004,81,0,0,0,0,U,25.07.2019,26.08.2019 12:31
378,697745,670102,803,698004,92,0,0,0,0,U,25.07.2019,23.08.2019 09:20
379,697751,670102,795,698004,100,0,0,0,0,U,25.07.2019,28.08.2019 13:51
380,697800,670102,786,698004,109,0,0,0,0,U,25.07.2019,28.08.2019 09:53
381,698004,0,0,0,0,0,0,0,0,U,13.12.2019,27.12.2019 08:35
382,698019,0,0,0,0,0,0,0,0,U,20.09.2021,20.09.2021 07:54
383,698023,0,0,0,0,0,0,0,0,U,01.05.2018,28.04.2018 12:27
384,698038,0,0,0,0,0,0,0,0,I,01.12.2005,14.12.2005 12:44
385,698042,0,0,0,0,0,0,0,0,U,21.05.2020,21.05.2020 17:46
386,698108,670102,877,698004,18,0,0,0,0,U,25.07.2019,23.08.2019 08:28
387,698112,670102,885,698004,10,0,0,0,0,U,25.07.2019,16.08.2019 12:57
388,698242,0,0,0,0,0,0,0,0,U,01.05.2018,28.04.2018 12:27
389,698521,0,0,0,0,0,0,0,0,U,01.05.2018,28.04.2018 12:27
390,698606,0,0,0,0,0,0,0,0,U,25.07.2019,25.07.2019 14:02
391,699717,0,0,0,0,0,0,0,0,U,01.05.2018,28.04.2018 13:30
392,700007,0,0,0,0,0,0,0,0,U,01.04.2018,02.04.2018 17:44
393,700505,0,0,0,0,0,0,0,0,U,09.01.2024,08.01.2024 11:51
394,711302,0,0,0,0,0,0,0,0,I,01.12.2005,14.12.2005 12:44
395,708761,0,0,0,0,0,0,0,0,U,21.02.2018,21.02.2018 12:03
396,711603,711302,23,713007,215,0,0,0,0,U,25.07.2019,27.08.2019 07:27
397,711707,711302,48,713007,190,0,0,0,0,U,25.07.2019,26.08.2019 09:52
398,711800,711302,67,713007,171,0,0,0,0,U,25.07.2019,26.08.2019 09:44
399,711904,711302,82,713007,156,0,0,0,0,U,25.07.2019,28.08.2019 08:23
400,712108,711302,111,713007,127,0,0,0,0,U,14.08.2024,13.08.2024 15:09
401,712201,711302,120,713007,118,0,0,0,0,U,25.07.2019,28.08.2019 12:43
402,712305,711302,136,713007,102,0,0,0,0,U,25.07.2019,27.08.2019 07:30
403,712409,711302,158,713007,80,0,0,0,0,U,25.07.2019,28.08.2019 13:11
404,712606,711302,187,713007,51,0,0,0,0,U,09.01.2024,08.01.2024 11:48
405,712700,711302,203,713007,35,0,0,0,0,U,25.07.2019,22.08.2019 12:10
406,712803,711302,210,713007,28,0,0,0,0,U,25.07.2019,21.08.2019 11:39
407,712907,711302,229,713007,9,0,0,0,0,U,25.07.2019,22.08.2019 12:14
408,713007,0,0,0,0,0,0,0,0,U,25.07.2019,25.07.2019 12:56
409,713100,713007,14,0,0,0,0,0,0,U,25.07.2019,23.08.2019 08:26
410,713308,0,0,0,0,0,0,0,0,U,01.05.2018,28.04.2018 12:27
411,713312,0,0,0,0,0,0,0,0,U,01.12.2005,13.01.2019 00:00
412,713327,0,0,0,0,0,0,0,0,U,15.11.2018,21.11.2018 16:53
413,713331,0,0,0,0,0,0,0,0,U,01.12.2005,13.01.2019 00:00
414,713401,713007,53,0,0,0,0,0,0,U,25.07.2019,28.08.2019 13:19
415,713420,0,0,0,0,0,0,0,0,U,01.01.2018,13.01.2019 00:00
416,713435,0,0,0,0,0,0,0,0,U,01.05.2018,28.04.2018 12:27
417,713505,713007,84,0,0,0,0,0,0,U,25.07.2019,28.08.2019 06:51
418,713609,713007,98,0,0,0,0,0,0,U,25.07.2019,27.08.2019 07:29
419,713702,713007,8,713806,4,0,0,0,0,U,25.07.2019,28.08.2019 12:41
420,713806,0,0,0,0,0,0,0,0,U,25.07.2019,25.07.2019 09:40
421,713810,0,0,0,0,0,0,0,0,U,01.12.2005,13.01.2019 00:00
422,713825,0,0,0,0,0,0,0,0,U,01.12.2005,13.01.2019 00:00
423,713830,713806,24,0,0,0,0,0,0,U,25.07.2019,21.08.2019 14:02
424,713844,0,0,0,0,0,0,0,0,U,01.12.2005,13.01.2019 00:00
425,713859,0,0,0,0,0,0,0,0,U,01.12.2005,13.01.2019 00:00
426,713863,0,0,0,0,0,0,0,0,U,01.12.2005,13.01.2019 00:00
427,713906,713007,8,713806,4,0,0,0,0,U,25.07.2019,28.08.2019 12:42
428,714001,713806,52,0,0,0,0,0,0,U,25.02.2021,25.02.2021 13:48
429,714103,713806,76,0,0,0,0,0,0,U,25.02.2021,25.02.2021 13:44
430,714137,713806,91,0,0,0,0,0,0,U,25.02.2021,25.02.2021 13:47
431,714207,713806,102,0,0,0,0,0,0,U,25.07.2019,21.08.2019 09:24
432,714211,0,0,0,0,0,0,0,0,U,01.12.2005,13.01.2019 00:00
433,714226,0,0,0,0,0,0,0,0,U,01.12.2005,13.01.2019 00:00
434,714300,713806,127,0,0,0,0,0,0,U,25.07.2019,22.08.2019 12:01
435,714315,0,0,0,0,0,0,0,0,U,01.12.2005,13.01.2019 00:00
436,714404,713806,102,0,0,0,0,0,0,U,25.07.2019,21.08.2019 09:25
437,714508,713806,149,0,0,0,0,0,0,U,25.07.2019,28.08.2019 09:52
438,714512,0,0,0,0,0,0,0,0,U,01.12.2005,13.01.2019 00:00
439,714601,713806,169,0,0,0,0,0,0,U,25.02.2021,25.02.2021 13:43
440,706304,0,0,0,0,0,0,0,0,U,09.01.2024,08.01.2024 11:47
441,707701,0,0,0,0,0,0,0,0,U,21.12.2012,21.09.2017 11:05
442,708009,0,0,0,0,0,0,0,0,U,19.10.2016,21.11.2016 08:43
443,699806,708009,14,709105,338,0,0,0,0,U,08.11.2023,08.11.2023 06:41
444,708032,708009,29,709105,323,0,0,0,0,U,25.07.2019,26.08.2019 15:10
445,708507,0,0,0,0,0,0,0,0,U,01.11.2015,21.10.2015 15:24
446,708600,708009,39,709105,313,0,0,0,0,U,25.07.2019,27.08.2019 15:02
447,708615,0,0,0,0,0,0,0,0,U,01.05.2018,13.01.2019 00:00
448,708621,708009,60,709105,292,0,0,0,0,U,25.07.2019,16.08.2019 12:56
449,708634,708009,69,709105,283,0,0,0,0,U,25.07.2019,26.08.2019 15:07
450,708649,708009,78,709105,274,0,0,0,0,U,25.07.2019,28.08.2019 06:32
451,708653,708009,98,709105,254,0,0,0,0,U,25.07.2019,22.08.2019 11:59
452,708668,0,0,0,0,0,0,0,0,U,01.05.2018,13.01.2019 00:00
453,708672,708009,115,709105,237,0,0,0,0,U,25.07.2019,23.08.2019 08:30
454,708687,708009,125,709105,227,0,0,0,0,U,25.07.2019,26.08.2019 15:05
455,708704,708009,133,709105,219,0,0,0,0,U,25.07.2024,23.07.2024 10:41
456,708723,708009,148,709105,204,0,0,0,0,U,25.07.2019,02.09.2019 06:16
457,708738,708009,157,709105,195,0,0,0,0,U,25.07.2019,19.08.2019 07:22
458,708742,708009,168,709105,184,0,0,0,0,U,25.07.2019,16.08.2019 12:42
459,708757,708009,179,709105,173,0,0,0,0,U,25.07.2019,21.08.2019 13:59
460,708808,708009,194,709105,158,0,0,0,0,U,25.02.2021,25.02.2021 14:03
461,708812,708009,207,709105,145,0,0,0,0,U,25.07.2019,26.08.2019 14:57
462,708827,708009,222,709105,130,0,0,0,0,U,25.07.2019,22.08.2019 15:15
463,708831,708009,233,709105,119,0,0,0,0,U,25.07.2019,26.08.2019 14:53
464,708901,708009,242,709105,110,0,0,0,0,U,25.07.2019,22.08.2019 06:40
465,708916,708009,253,709105,99,0,0,0,0,U,25.07.2019,26.08.2019 09:52
466,708920,708009,263,709105,89,0,0,0,0,U,25.07.2019,23.08.2019 08:13
467,708935,708009,271,709105,81,0,0,0,0,U,25.07.2019,26.08.2019 14:21
468,708940,708009,281,709105,71,0,0,0,0,U,25.02.2021,25.02.2021 13:59
469,708954,708009,294,709105,58,0,0,0,0,U,25.07.2019,22.08.2019 06:55
470,709001,708009,305,709105,47,0,0,0,0,U,15.03.2023,16.03.2023 08:11
471,709016,708009,318,709105,34,0,0,0,0,U,25.07.2019,27.08.2019 07:25
472,709020,708009,332,709105,20,0,0,0,0,U,25.07.2019,27.08.2019 08:50
473,709035,708009,345,709105,7,0,0,0,0,U,25.07.2019,27.08.2019 07:21
474,709105,0,0,0,0,0,0,0,0,U,25.07.2019,25.07.2019 13:54
475,709112,709105,15,709302,93,0,0,0,0,U,25.07.2019,27.08.2019 07:12
476,712004,709105,48,713806,103,0,0,0,0,U,25.07.2019,28.08.2019 13:25
477,709143,709105,71,713806,80,0,0,0,0,U,25.07.2019,20.08.2019 08:42
478,709158,709105,89,713806,62,0,0,0,0,U,25.07.2019,21.08.2019 13:45
479,684209,709105,115,713806,36,0,0,0,0,U,29.07.2025,25.07.2025 09:12
480,709177,709105,134,713806,17,0,0,0,0,U,25.07.2019,28.08.2019 12:38
481,709209,709105,30,709302,78,0,0,0,0,U,25.07.2019,27.08.2019 08:49
482,709213,709105,45,709302,63,0,0,0,0,U,25.07.2019,26.08.2019 15:16
483,709228,709105,60,709302,48,0,0,0,0,U,25.07.2019,21.08.2019 13:27
484,709232,709105,71,709302,37,0,0,0,0,U,25.07.2019,26.08.2019 15:09
485,709247,709105,86,709302,22,0,0,0,0,U,25.02.2021,25.02.2021 14:02
486,709251,709105,97,709302,11,0,0,0,0,U,25.07.2019,26.08.2019 13:08
487,709302,0,0,0,0,0,0,0,0,U,28.01.2022,28.01.2022 05:18
488,709389,0,0,0,0,0,0,0,0,U,01.05.2018,13.01.2019 00:00
489,709406,0,0,0,0,0,0,0,0,U,09.01.2024,08.01.2024 11:49
490,709904,709105,19,713806,132,0,0,0,0,U,25.07.2019,27.08.2019 08:20
491,708719,708009,141,709105,211,0,0,0,0,U,25.07.2019,26.08.2019 15:05
492,711001,711302,0,0,0,0,0,0,0,U,25.05.2024,24.05.2024 13:16
493,711105,711302,0,0,0,0,0,0,0,U,25.07.2019,26.08.2019 09:35
494,700079,677309,504,708009,20,708507,329,0,0,U,03.08.2021,03.08.2021 10:15
495,689804,663306,49,664703,277,691607,30,0,0,U,25.07.2019,20.08.2019 08:34
496,690106,663306,64,664703,292,691607,15,0,0,U,21.06.2024,20.06.2024 10:37
497,691607,0,0,0,0,0,0,0,0,U,15.05.2018,16.05.2018 14:23
498,693602,663306,79,664703,307,691607,6,0,0,U,08.09.2023,07.09.2023 09:36
499,693706,663306,73,664703,301,691607,0,0,0,U,08.09.2023,07.09.2023 09:33
500,693807,663306,79,664703,307,691607,6,0,0,U,08.09.2023,07.09.2023 09:35
501,668390,0,0,0,0,0,0,0,0,I,15.12.2016,15.12.2016 09:55
502,668422,0,0,0,0,0,0,0,0,I,15.12.2016,15.12.2016 09:55
503,668437,0,0,0,0,0,0,0,0,I,15.12.2016,15.12.2016 09:55
504,668441,0,0,0,0,0,0,0,0,I,15.12.2016,15.12.2016 09:55
505,668140,668600,135,683102,383,0,0,0,0,U,25.07.2019,20.08.2019 07:32
506,668155,668600,77,683102,441,0,0,0,0,U,25.07.2019,20.08.2019 07:33
507,668169,668600,30,683102,488,0,0,0,0,U,25.07.2019,20.08.2019 07:34
508,668174,0,0,0,0,0,0,0,0,U,04.05.2018,16.05.2018 14:23
509,668047,0,0,0,0,0,0,0,0,I,14.12.2016,15.12.2016 09:55
510,668051,0,0,0,0,0,0,0,0,U,04.05.2018,16.05.2018 14:23
511,668070,0,0,0,0,0,0,0,0,I,14.12.2016,15.12.2016 09:55
512,668085,0,0,0,0,0,0,0,0,I,14.12.2016,15.12.2016 09:55
513,668092,0,0,0,0,0,0,0,0,I,14.12.2016,15.12.2016 09:55
514,668121,0,0,0,0,0,0,0,0,U,04.05.2018,16.05.2018 14:23
515,668314,0,0,0,0,0,0,0,0,U,04.05.2018,16.05.2018 14:23
516,668329,0,0,0,0,0,0,0,0,U,04.05.2018,16.05.2018 14:23
517,668333,0,0,0,0,0,0,0,0,U,04.05.2018,16.05.2018 14:23
518,668348,0,0,0,0,0,0,0,0,U,04.05.2018,16.05.2018 14:23
519,668352,0,0,0,0,0,0,0,0,U,04.05.2018,16.05.2018 14:23
520,668367,0,0,0,0,0,0,0,0,U,04.05.2018,16.05.2018 14:23
521,668371,0,0,0,0,0,0,0,0,U,04.05.2018,16.05.2018 14:23
522,668386,0,0,0,0,0,0,0,0,U,04.05.2018,16.05.2018 14:23
523,669088,0,0,0,0,0,0,0,0,I,14.12.2016,15.12.2016 09:55
524,669092,0,0,0,0,0,0,0,0,I,14.12.2016,15.12.2016 09:55
525,669143,0,0,0,0,0,0,0,0,I,14.12.2016,15.12.2016 09:55
526,669158,0,0,0,0,0,0,0,0,I,14.12.2016,15.12.2016 09:55
527,669162,0,0,0,0,0,0,0,0,U,04.05.2018,16.05.2018 14:23
528,669177,0,0,0,0,0,0,0,0,I,14.12.2016,15.12.2016 09:55
529,669213,0,0,0,0,0,0,0,0,I,14.12.2016,15.12.2016 09:55
530,669228,0,0,0,0,0,0,0,0,I,14.12.2016,15.12.2016 09:55
531,669251,0,0,0,0,0,0,0,0,I,14.12.2016,15.12.2016 09:55
532,669266,0,0,0,0,0,0,0,0,U,04.05.2018,16.05.2018 14:23
533,669270,0,0,0,0,0,0,0,0,I,14.12.2016,15.12.2016 09:55
534,708051,0,0,0,0,0,0,0,0,U,21.12.2016,30.12.2016 15:11
535,709641,0,0,0,0,0,0,0,0,I,07.12.2016,15.12.2016 09:55
536,708047,0,0,0,0,0,0,0,0,I,07.12.2016,15.12.2016 09:55
537,700115,0,0,0,0,0,0,0,0,U,01.05.2018,28.04.2018 12:27
538,700128,0,0,0,0,0,0,0,0,U,01.05.2018,28.04.2018 12:27
539,700134,0,0,0,0,0,0,0,0,U,01.05.2018,28.04.2018 12:27
540,700149,0,0,0,0,0,0,0,0,U,01.05.2018,28.04.2018 12:27
541,700153,0,0,0,0,0,0,0,0,I,01.02.2017,01.02.2017 14:22
542,700168,0,0,0,0,0,0,0,0,I,01.02.2017,01.02.2017 14:22
543,700172,0,0,0,0,0,0,0,0,I,01.02.2017,01.02.2017 14:22
544,700187,0,0,0,0,0,0,0,0,I,01.02.2017,01.02.2017 14:22
545,700191,0,0,0,0,0,0,0,0,I,01.02.2017,01.02.2017 14:22
546,700219,0,0,0,0,0,0,0,0,U,02.06.2017,09.06.2017 13:49
547,700223,0,0,0,0,0,0,0,0,I,01.02.2017,01.02.2017 14:22
548,700238,0,0,0,0,0,0,0,0,I,01.02.2017,01.02.2017 14:22
549,700242,0,0,0,0,0,0,0,0,I,01.02.2017,01.02.2017 14:22
550,700257,0,0,0,0,0,0,0,0,U,04.05.2023,04.05.2023 10:02
551,670225,0,0,0,0,0,0,0,0,U,01.05.2018,28.04.2018 12:27
552,670210,0,0,0,0,0,0,0,0,U,01.05.2018,28.04.2018 12:27
553,670193,0,0,0,0,0,0,0,0,I,28.03.2017,03.04.2017 18:43
554,670189,0,0,0,0,0,0,0,0,I,28.03.2017,03.04.2017 18:43
555,670174,0,0,0,0,0,0,0,0,U,13.04.2017,17.04.2017 15:56
556,670166,0,0,0,0,0,0,0,0,U,13.04.2017,17.04.2017 15:56
557,673261,690200,193,673007,13,0,0,0,0,U,30.12.2020,30.12.2020 10:44
558,673276,673905,36,675905,85,0,0,0,0,U,25.07.2019,26.08.2019 13:00
559,673312,0,0,0,0,0,0,0,0,U,01.07.2018,03.07.2018 15:14
560,673327,0,0,0,0,0,0,0,0,U,15.06.2018,15.06.2018 14:41
561,700030,677309,359,708009,165,708507,474,0,0,U,03.08.2021,03.08.2021 10:20
562,700045,677309,382,708009,142,708507,451,0,0,U,03.08.2021,03.08.2021 10:20
563,700051,677309,431,708009,93,708507,402,0,0,U,03.08.2021,03.08.2021 10:18
564,700064,677309,478,708009,46,708507,355,0,0,U,03.08.2021,03.08.2021 10:16
565,680918,668600,201,683102,317,0,0,0,0,U,25.07.2019,20.08.2019 07:31
566,680890,668600,243,683102,275,0,0,0,0,U,25.07.2019,20.08.2019 07:29
567,680886,668600,341,683102,177,0,0,0,0,U,25.07.2019,20.08.2019 07:28
568,679037,668600,438,683102,80,0,0,0,0,U,25.07.2019,20.08.2019 07:27
569,679022,668600,476,683102,42,0,0,0,0,U,25.07.2019,20.08.2019 07:26
570,710600,0,0,0,0,0,0,0,0,U,15.08.2017,21.08.2017 13:49
571,662534,663306,6,664703,320,691607,73,0,0,U,25.07.2019,27.08.2019 07:26
572,662676,0,0,0,0,0,0,0,0,I,14.10.2017,17.10.2017 09:36
573,662680,0,0,0,0,0,0,0,0,I,14.10.2017,17.10.2017 09:36
574,712517,0,0,0,0,0,0,0,0,U,01.10.2017,24.10.2017 10:24
575,679041,684001,90,683102,6,680000,286,0,0,U,30.12.2020,30.12.2020 17:43
576,679075,0,0,0,0,0,0,0,0,U,01.06.2018,05.07.2018 17:13
577,679084,0,0,0,0,0,0,0,0,U,15.12.2017,19.12.2017 08:24
578,680814,0,0,0,0,0,0,0,0,U,01.06.2018,05.07.2018 17:13
579,680833,0,0,0,0,0,0,0,0,U,15.12.2017,19.12.2017 08:24
580,680848,0,0,0,0,0,0,0,0,U,01.06.2018,05.07.2018 17:13
581,680852,0,0,0,0,0,0,0,0,U,15.12.2017,19.12.2017 08:24
582,680871,0,0,0,0,0,0,0,0,U,01.06.2018,05.07.2018 17:13
583,698061,0,0,0,0,0,0,0,0,U,21.05.2020,21.05.2020 17:50
584,698413,0,0,0,0,0,0,0,0,U,30.01.2018,01.02.2018 12:39
585,698536,0,0,0,0,0,0,0,0,U,30.01.2018,01.02.2018 12:39
586,698540,0,0,0,0,0,0,0,0,U,30.01.2018,01.02.2018 12:39
587,698610,0,0,0,0,0,0,0,0,U,30.01.2018,01.02.2018 12:39
588,699312,0,0,0,0,0,0,0,0,U,30.01.2018,01.02.2018 12:39
589,699327,0,0,0,0,0,0,0,0,U,30.01.2018,01.02.2018 12:39
590,699331,0,0,0,0,0,0,0,0,U,01.02.2018,06.02.2018 14:32
591,697622,0,0,0,0,0,0,0,0,U,30.01.2018,01.02.2018 12:39
592,699346,0,0,0,0,0,0,0,0,U,30.01.2018,01.02.2018 12:39
593,697637,0,0,0,0,0,0,0,0,U,30.01.2018,01.02.2018 12:39
594,699613,0,0,0,0,0,0,0,0,U,30.01.2018,01.02.2018 12:39
595,698080,0,0,0,0,0,0,0,0,I,01.12.2017,04.12.2017 09:52
596,698199,0,0,0,0,0,0,0,0,I,01.12.2017,04.12.2017 09:52
597,698220,0,0,0,0,0,0,0,0,I,01.12.2017,04.12.2017 09:52
598,698235,0,0,0,0,0,0,0,0,I,01.12.2017,04.12.2017 09:52
599,698269,0,0,0,0,0,0,0,0,I,01.12.2017,04.12.2017 09:52
600,698273,0,0,0,0,0,0,0,0,I,01.12.2017,04.12.2017 09:52
601,698288,0,0,0,0,0,0,0,0,I,01.12.2017,04.12.2017 09:52
602,698292,0,0,0,0,0,0,0,0,I,01.12.2017,04.12.2017 09:52
603,686632,0,0,0,0,0,0,0,0,I,27.11.2017,04.12.2017 10:15
604,686721,0,0,0,0,0,0,0,0,I,27.11.2017,04.12.2017 10:15
605,686825,0,0,0,0,0,0,0,0,I,27.11.2017,04.12.2017 10:15
606,687712,0,0,0,0,0,0,0,0,I,27.11.2017,04.12.2017 10:15
607,687442,0,0,0,0,0,0,0,0,I,27.11.2017,04.12.2017 10:15
608,687438,0,0,0,0,0,0,0,0,I,27.11.2017,04.12.2017 10:15
609,693068,0,0,0,0,0,0,0,0,I,27.11.2017,04.12.2017 10:15
610,693049,0,0,0,0,0,0,0,0,I,27.11.2017,04.12.2017 10:15
611,693026,0,0,0,0,0,0,0,0,I,27.11.2017,04.12.2017 10:15
612,692920,0,0,0,0,0,0,0,0,I,27.11.2017,04.12.2017 10:15
613,692718,0,0,0,0,0,0,0,0,U,01.07.2018,03.07.2018 15:14
614,692667,0,0,0,0,0,0,0,0,I,27.11.2017,04.12.2017 10:15
615,692633,0,0,0,0,0,0,0,0,U,30.01.2018,01.02.2018 12:39
616,692614,0,0,0,0,0,0,0,0,U,30.01.2018,01.02.2018 12:39
617,692544,0,0,0,0,0,0,0,0,I,27.11.2017,04.12.2017 10:15
618,692510,0,0,0,0,0,0,0,0,U,30.01.2018,01.02.2018 12:39
619,692493,0,0,0,0,0,0,0,0,I,27.11.2017,04.12.2017 10:15
620,692474,0,0,0,0,0,0,0,0,U,30.01.2018,01.02.2018 12:39
621,692455,0,0,0,0,0,0,0,0,U,30.01.2018,01.02.2018 12:39
622,691471,0,0,0,0,0,0,0,0,I,27.11.2017,04.12.2017 10:15
623,691448,0,0,0,0,0,0,0,0,I,27.11.2017,04.12.2017 10:15
624,691429,0,0,0,0,0,0,0,0,I,27.11.2017,04.12.2017 10:15
625,690712,0,0,0,0,0,0,0,0,U,09.12.2019,03.12.2019 09:15
626,693176,0,0,0,0,0,0,0,0,U,30.01.2018,01.02.2018 12:39
627,693180,0,0,0,0,0,0,0,0,U,30.01.2018,01.02.2018 12:39
628,693279,0,0,0,0,0,0,0,0,I,27.11.2017,04.12.2017 10:15
629,690248,0,0,0,0,0,0,0,0,I,27.11.2017,04.12.2017 10:31
630,690322,0,0,0,0,0,0,0,0,I,27.11.2017,04.12.2017 10:31
631,690341,0,0,0,0,0,0,0,0,I,27.11.2017,04.12.2017 10:31
632,673399,0,0,0,0,0,0,0,0,I,27.11.2017,04.12.2017 10:31
633,673384,0,0,0,0,0,0,0,0,I,27.11.2017,04.12.2017 10:31
634,673377,0,0,0,0,0,0,0,0,I,27.11.2017,04.12.2017 10:31
635,673435,0,0,0,0,0,0,0,0,I,27.11.2017,04.12.2017 10:31
636,673365,0,0,0,0,0,0,0,0,U,01.07.2018,03.07.2018 15:14
637,673721,0,0,0,0,0,0,0,0,I,27.11.2017,04.12.2017 10:31
638,673736,0,0,0,0,0,0,0,0,I,27.11.2017,04.12.2017 10:31
639,673740,0,0,0,0,0,0,0,0,I,27.11.2017,04.12.2017 10:31
640,675322,0,0,0,0,0,0,0,0,I,27.11.2017,04.12.2017 10:31
641,675337,0,0,0,0,0,0,0,0,I,27.11.2017,04.12.2017 10:31
642,675341,0,0,0,0,0,0,0,0,I,27.11.2017,04.12.2017 10:31
643,675356,0,0,0,0,0,0,0,0,I,27.11.2017,04.12.2017 10:31
644,675360,0,0,0,0,0,0,0,0,I,27.11.2017,04.12.2017 10:31
645,675375,0,0,0,0,0,0,0,0,I,27.11.2017,04.12.2017 10:31
646,675382,0,0,0,0,0,0,0,0,I,27.11.2017,04.12.2017 10:31
647,675844,0,0,0,0,0,0,0,0,I,27.11.2017,04.12.2017 10:31
648,675981,0,0,0,0,0,0,0,0,I,27.11.2017,04.12.2017 10:31
649,677262,0,0,0,0,0,0,0,0,U,15.06.2018,15.06.2018 14:41
650,677277,0,0,0,0,0,0,0,0,U,15.06.2018,15.06.2018 14:41
651,677281,0,0,0,0,0,0,0,0,U,15.06.2018,15.06.2018 14:41
652,677296,0,0,0,0,0,0,0,0,U,01.07.2018,03.07.2018 15:14
653,677313,0,0,0,0,0,0,0,0,U,15.06.2018,15.06.2018 14:41
654,677328,0,0,0,0,0,0,0,0,U,15.06.2018,15.06.2018 14:41
655,677351,0,0,0,0,0,0,0,0,U,15.06.2018,15.06.2018 14:41
656,677366,0,0,0,0,0,0,0,0,I,27.11.2017,04.12.2017 10:31
657,677370,0,0,0,0,0,0,0,0,U,15.06.2018,15.06.2018 14:41
658,677385,0,0,0,0,0,0,0,0,U,15.06.2018,15.06.2018 14:41
659,677398,0,0,0,0,0,0,0,0,U,01.07.2018,03.07.2018 15:14
660,677417,0,0,0,0,0,0,0,0,U,15.06.2018,15.06.2018 14:41
661,677421,0,0,0,0,0,0,0,0,U,15.06.2018,15.06.2018 14:41
662,677436,0,0,0,0,0,0,0,0,U,15.06.2018,15.06.2018 14:41
663,676039,0,0,0,0,0,0,0,0,I,27.11.2017,04.12.2017 12:41
664,676043,0,0,0,0,0,0,0,0,U,15.06.2018,15.06.2018 14:41
665,676058,0,0,0,0,0,0,0,0,I,27.11.2017,04.12.2017 12:41
666,676062,0,0,0,0,0,0,0,0,I,27.11.2017,04.12.2017 12:41
667,676077,0,0,0,0,0,0,0,0,I,27.11.2017,04.12.2017 12:41
668,676081,0,0,0,0,0,0,0,0,I,27.11.2017,04.12.2017 12:41
669,676096,0,0,0,0,0,0,0,0,I,27.11.2017,04.12.2017 12:41
670,676128,0,0,0,0,0,0,0,0,I,27.11.2017,04.12.2017 12:41
671,676132,0,0,0,0,0,0,0,0,I,27.11.2017,04.12.2017 12:41
672,676147,0,0,0,0,0,0,0,0,U,15.06.2018,15.06.2018 14:41
673,677629,0,0,0,0,0,0,0,0,U,15.06.2018,15.06.2018 14:41
674,677633,0,0,0,0,0,0,0,0,U,15.06.2018,15.06.2018 14:41
675,677826,0,0,0,0,0,0,0,0,U,15.06.2018,15.06.2018 14:41
676,677830,0,0,0,0,0,0,0,0,U,01.07.2018,03.07.2018 15:14
677,677864,0,0,0,0,0,0,0,0,U,15.06.2018,15.06.2018 14:41
678,677879,0,0,0,0,0,0,0,0,U,15.06.2018,15.06.2018 14:41
679,677883,0,0,0,0,0,0,0,0,I,27.11.2017,04.12.2017 12:41
680,677898,0,0,0,0,0,0,0,0,U,15.06.2018,15.06.2018 14:41
681,677934,0,0,0,0,0,0,0,0,U,15.06.2018,15.06.2018 14:41
682,677949,0,0,0,0,0,0,0,0,I,27.11.2017,04.12.2017 12:41
683,677953,0,0,0,0,0,0,0,0,I,27.11.2017,04.12.2017 12:41
684,677968,0,0,0,0,0,0,0,0,U,15.06.2018,15.06.2018 14:41
685,677972,0,0,0,0,0,0,0,0,U,15.06.2018,15.06.2018 14:41
686,677987,0,0,0,0,0,0,0,0,U,15.06.2018,15.06.2018 14:41
687,677991,0,0,0,0,0,0,0,0,U,15.06.2018,15.06.2018 14:41
688,676166,0,0,0,0,0,0,0,0,U,01.07.2018,03.07.2018 15:14
689,676170,0,0,0,0,0,0,0,0,U,15.11.2018,21.11.2018 16:53
690,676185,0,0,0,0,0,0,0,0,U,15.06.2018,15.06.2018 14:41
691,676192,0,0,0,0,0,0,0,0,U,15.06.2018,12.07.2018 11:02
692,676255,0,0,0,0,0,0,0,0,U,01.07.2018,03.07.2018 15:14
693,676269,0,0,0,0,0,0,0,0,U,15.06.2018,15.06.2018 14:41
694,676274,0,0,0,0,0,0,0,0,I,27.11.2017,04.12.2017 12:41
695,676289,0,0,0,0,0,0,0,0,U,01.07.2018,03.07.2018 15:14
696,676293,0,0,0,0,0,0,0,0,U,15.06.2018,15.06.2018 14:41
697,676310,0,0,0,0,0,0,0,0,I,27.11.2017,04.12.2017 12:41
698,676325,0,0,0,0,0,0,0,0,U,01.07.2018,03.07.2018 15:14
699,676344,0,0,0,0,0,0,0,0,I,27.11.2017,04.12.2017 12:41
700,713721,0,0,0,0,0,0,0,0,I,01.01.2018,29.12.2017 16:44
701,676363,0,0,0,0,0,0,0,0,I,27.11.2017,04.12.2017 12:41
702,676378,0,0,0,0,0,0,0,0,I,27.11.2017,04.12.2017 12:41
703,676382,0,0,0,0,0,0,0,0,I,27.11.2017,04.12.2017 12:41
704,676397,0,0,0,0,0,0,0,0,U,01.07.2018,03.07.2018 15:14
705,676471,0,0,0,0,0,0,0,0,I,27.11.2017,04.12.2017 12:41
706,676486,0,0,0,0,0,0,0,0,I,27.11.2017,04.12.2017 12:41
707,676490,0,0,0,0,0,0,0,0,I,27.11.2017,04.12.2017 12:41
708,673242,0,0,0,0,0,0,0,0,U,11.05.2018,11.05.2018 12:44
709,673257,0,0,0,0,0,0,0,0,U,11.05.2018,11.05.2018 12:44
710,674688,0,0,0,0,0,0,0,0,U,11.05.2018,11.05.2018 12:44
711,674692,0,0,0,0,0,0,0,0,U,11.05.2018,11.05.2018 12:44
712,677440,0,0,0,0,0,0,0,0,U,14.11.2018,16.11.2018 18:58
713,677455,0,0,0,0,0,0,0,0,U,11.05.2018,11.05.2018 12:44
714,677464,0,0,0,0,0,0,0,0,U,11.05.2018,11.05.2018 12:44
715,673331,0,0,0,0,0,0,0,0,I,27.11.2017,04.12.2017 12:41
716,673346,0,0,0,0,0,0,0,0,I,27.11.2017,04.12.2017 12:41
717,682754,0,0,0,0,0,0,0,0,U,30.01.2018,01.02.2018 12:46
718,682749,0,0,0,0,0,0,0,0,U,30.01.2018,01.02.2018 12:46
719,682735,0,0,0,0,0,0,0,0,U,30.01.2018,01.02.2018 12:46
720,682699,0,0,0,0,0,0,0,0,U,30.01.2018,01.02.2018 12:46
721,682672,0,0,0,0,0,0,0,0,U,30.01.2018,01.02.2018 12:46
722,682665,0,0,0,0,0,0,0,0,U,30.01.2018,01.02.2018 12:46
723,682650,0,0,0,0,0,0,0,0,U,30.01.2018,01.02.2018 12:46
724,682646,0,0,0,0,0,0,0,0,U,30.01.2018,01.02.2018 12:46
725,680941,0,0,0,0,0,0,0,0,U,30.01.2018,01.02.2018 12:46
726,680937,0,0,0,0,0,0,0,0,U,30.01.2018,01.02.2018 12:46
727,680922,0,0,0,0,0,0,0,0,U,08.06.2020,16.06.2020 13:17
728,679056,0,0,0,0,0,0,0,0,U,08.06.2020,15.06.2020 08:31
729,679060,0,0,0,0,0,0,0,0,U,30.01.2018,01.02.2018 12:46
730,683475,0,0,0,0,0,0,0,0,U,30.01.2018,01.02.2018 12:46
731,683482,0,0,0,0,0,0,0,0,U,30.01.2018,01.02.2018 12:46
732,683494,0,0,0,0,0,0,0,0,U,30.01.2018,01.02.2018 12:46
733,683564,0,0,0,0,0,0,0,0,U,30.01.2018,01.02.2018 12:46
734,683583,0,0,0,0,0,0,0,0,U,30.01.2018,01.02.2018 12:46
735,683598,0,0,0,0,0,0,0,0,U,30.01.2018,01.02.2018 12:46
736,683668,0,0,0,0,0,0,0,0,I,15.12.2017,19.12.2017 08:20
737,683672,0,0,0,0,0,0,0,0,U,30.01.2018,01.02.2018 12:46
738,683776,0,0,0,0,0,0,0,0,U,30.01.2018,01.02.2018 12:46
739,683780,0,0,0,0,0,0,0,0,I,15.12.2017,19.12.2017 08:20
740,683795,0,0,0,0,0,0,0,0,U,30.01.2018,01.02.2018 12:46
741,684016,0,0,0,0,0,0,0,0,U,30.01.2018,01.02.2018 12:46
742,683973,0,0,0,0,0,0,0,0,U,30.01.2018,01.02.2018 12:46
743,683969,0,0,0,0,0,0,0,0,U,30.01.2018,01.02.2018 12:46
744,683954,0,0,0,0,0,0,0,0,U,30.01.2018,01.02.2018 12:46
745,683944,0,0,0,0,0,0,0,0,U,30.01.2018,01.02.2018 12:46
746,683935,0,0,0,0,0,0,0,0,U,14.11.2018,16.11.2018 18:58
747,683920,0,0,0,0,0,0,0,0,U,30.01.2018,01.02.2018 12:46
748,683899,0,0,0,0,0,0,0,0,I,15.12.2017,19.12.2017 08:20
749,683884,0,0,0,0,0,0,0,0,U,01.06.2018,06.07.2018 15:20
750,684035,0,0,0,0,0,0,0,0,I,15.12.2017,19.12.2017 08:20
751,684073,0,0,0,0,0,0,0,0,U,30.01.2018,01.02.2018 12:46
752,684088,0,0,0,0,0,0,0,0,I,15.12.2017,19.12.2017 08:20
753,684092,0,0,0,0,0,0,0,0,U,30.01.2018,01.02.2018 12:46
754,684232,0,0,0,0,0,0,0,0,U,01.06.2018,01.06.2018 16:13
755,684247,0,0,0,0,0,0,0,0,U,30.01.2018,01.02.2018 12:46
756,684251,0,0,0,0,0,0,0,0,I,15.12.2017,19.12.2017 08:20
757,684266,0,0,0,0,0,0,0,0,U,30.01.2018,01.02.2018 12:46
758,684270,0,0,0,0,0,0,0,0,U,30.01.2018,01.02.2018 12:46
759,684292,0,0,0,0,0,0,0,0,U,30.01.2018,01.02.2018 12:46
760,684321,0,0,0,0,0,0,0,0,I,15.12.2017,19.12.2017 08:20
761,684336,0,0,0,0,0,0,0,0,I,15.12.2017,19.12.2017 08:20
762,684340,0,0,0,0,0,0,0,0,U,30.01.2018,01.02.2018 12:46
763,684355,0,0,0,0,0,0,0,0,I,15.12.2017,19.12.2017 08:20
764,684369,0,0,0,0,0,0,0,0,U,30.01.2018,01.02.2018 12:46
765,684374,0,0,0,0,0,0,0,0,U,30.01.2018,01.02.2018 12:46
766,684389,0,0,0,0,0,0,0,0,U,30.01.2018,01.02.2018 12:46
767,684393,0,0,0,0,0,0,0,0,U,30.01.2018,01.02.2018 12:46
768,684425,0,0,0,0,0,0,0,0,I,15.12.2017,19.12.2017 08:20
769,684435,0,0,0,0,0,0,0,0,U,30.01.2018,01.02.2018 12:46
770,684459,0,0,0,0,0,0,0,0,U,30.01.2018,01.02.2018 12:46
771,684463,0,0,0,0,0,0,0,0,I,15.12.2017,19.12.2017 08:20
772,684478,0,0,0,0,0,0,0,0,U,30.01.2018,01.02.2018 12:46
773,684482,0,0,0,0,0,0,0,0,I,15.12.2017,19.12.2017 08:20
774,684497,0,0,0,0,0,0,0,0,U,30.01.2018,01.02.2018 12:46
775,684514,0,0,0,0,0,0,0,0,U,30.01.2018,01.02.2018 12:46
776,684754,0,0,0,0,0,0,0,0,U,30.01.2018,01.02.2018 12:46
777,684745,0,0,0,0,0,0,0,0,U,02.11.2020,12.11.2020 15:10
778,684730,0,0,0,0,0,0,0,0,U,30.01.2018,01.02.2018 12:46
779,684726,0,0,0,0,0,0,0,0,U,30.01.2018,01.02.2018 12:46
780,684694,0,0,0,0,0,0,0,0,U,30.01.2018,01.02.2018 12:46
781,684688,0,0,0,0,0,0,0,0,U,30.01.2018,01.02.2018 12:46
782,684675,0,0,0,0,0,0,0,0,U,30.01.2018,01.02.2018 12:46
783,684660,0,0,0,0,0,0,0,0,I,15.12.2017,19.12.2017 08:24
784,684656,0,0,0,0,0,0,0,0,I,15.12.2017,19.12.2017 08:24
785,684622,0,0,0,0,0,0,0,0,U,01.06.2018,01.06.2018 16:13
786,684618,0,0,0,0,0,0,0,0,U,01.06.2018,06.07.2018 15:20
787,684590,0,0,0,0,0,0,0,0,I,15.12.2017,19.12.2017 08:24
788,684586,0,0,0,0,0,0,0,0,U,30.01.2018,01.02.2018 12:46
789,684571,0,0,0,0,0,0,0,0,U,30.01.2018,01.02.2018 12:46
790,684567,0,0,0,0,0,0,0,0,U,30.01.2018,01.02.2018 12:46
791,684552,0,0,0,0,0,0,0,0,U,30.01.2018,01.02.2018 12:46
792,681516,0,0,0,0,0,0,0,0,U,01.06.2018,05.07.2018 17:13
793,681520,0,0,0,0,0,0,0,0,I,15.12.2017,19.12.2017 08:24
794,681535,0,0,0,0,0,0,0,0,U,01.06.2018,05.07.2018 17:13
795,681543,0,0,0,0,0,0,0,0,I,15.12.2017,19.12.2017 08:24
796,681554,0,0,0,0,0,0,0,0,U,01.06.2018,05.07.2018 17:13
797,680960,0,0,0,0,0,0,0,0,I,15.12.2017,19.12.2017 08:24
798,680975,0,0,0,0,0,0,0,0,U,14.11.2018,16.11.2018 18:58
799,680994,0,0,0,0,0,0,0,0,U,14.11.2018,16.11.2018 18:58
800,683155,0,0,0,0,0,0,0,0,U,07.08.2018,10.08.2018 10:27
801,683163,0,0,0,0,0,0,0,0,U,07.08.2018,10.08.2018 12:20
802,683174,0,0,0,0,0,0,0,0,U,07.08.2018,10.08.2018 12:20
803,683189,0,0,0,0,0,0,0,0,U,15.11.2018,21.11.2018 16:53
804,683193,0,0,0,0,0,0,0,0,U,07.08.2018,10.08.2018 12:20
805,683225,0,0,0,0,0,0,0,0,I,15.12.2017,26.12.2017 12:35
806,683230,0,0,0,0,0,0,0,0,U,07.08.2018,10.08.2018 12:20
807,683314,0,0,0,0,0,0,0,0,U,07.08.2018,10.08.2018 12:20
808,683329,0,0,0,0,0,0,0,0,U,07.08.2018,10.08.2018 12:20
809,683333,0,0,0,0,0,0,0,0,U,15.11.2018,21.11.2018 16:53
810,683348,0,0,0,0,0,0,0,0,U,07.08.2018,10.08.2018 12:20
811,683352,0,0,0,0,0,0,0,0,U,07.08.2018,10.08.2018 12:20
812,683367,0,0,0,0,0,0,0,0,U,07.08.2018,10.08.2018 12:20
813,683386,0,0,0,0,0,0,0,0,U,07.08.2018,10.08.2018 12:20
814,683390,0,0,0,0,0,0,0,0,U,15.11.2018,21.11.2018 16:53
815,683441,0,0,0,0,0,0,0,0,U,07.08.2018,10.08.2018 12:20
816,683456,0,0,0,0,0,0,0,0,U,15.11.2018,21.11.2018 16:53
817,683460,0,0,0,0,0,0,0,0,U,07.08.2018,10.08.2018 12:20
818,683526,0,0,0,0,0,0,0,0,I,15.12.2017,26.12.2017 12:35
819,683530,0,0,0,0,0,0,0,0,I,15.12.2017,26.12.2017 12:35
820,683625,0,0,0,0,0,0,0,0,U,07.08.2018,10.08.2018 12:20
821,683634,0,0,0,0,0,0,0,0,I,15.12.2017,26.12.2017 12:35
822,683649,0,0,0,0,0,0,0,0,U,07.08.2018,10.08.2018 12:20
823,683691,0,0,0,0,0,0,0,0,I,15.12.2017,26.12.2017 12:35
824,683719,0,0,0,0,0,0,0,0,U,02.05.2018,11.05.2018 11:09
825,683723,0,0,0,0,0,0,0,0,U,07.08.2018,10.08.2018 12:20
826,683742,0,0,0,0,0,0,0,0,U,07.08.2018,10.08.2018 12:20
827,683757,0,0,0,0,0,0,0,0,I,15.12.2017,26.12.2017 12:35
828,683812,0,0,0,0,0,0,0,0,U,07.08.2018,10.08.2018 12:20
829,683827,0,0,0,0,0,0,0,0,I,15.12.2017,26.12.2017 12:35
830,683831,0,0,0,0,0,0,0,0,U,07.08.2018,10.08.2018 12:20
831,683850,0,0,0,0,0,0,0,0,U,15.11.2018,21.11.2018 16:53
832,683865,0,0,0,0,0,0,0,0,U,07.08.2018,10.08.2018 12:20
833,683878,0,0,0,0,0,0,0,0,I,15.12.2017,26.12.2017 12:35
834,713346,0,0,0,0,0,0,0,0,U,15.11.2018,21.11.2018 16:53
835,713365,0,0,0,0,0,0,0,0,I,01.01.2018,29.12.2017 16:44
836,713384,0,0,0,0,0,0,0,0,I,01.01.2018,29.12.2017 16:44
837,713444,0,0,0,0,0,0,0,0,I,01.01.2018,29.12.2017 16:44
838,713469,0,0,0,0,0,0,0,0,I,01.01.2018,29.12.2017 16:44
839,713488,0,0,0,0,0,0,0,0,I,01.01.2018,29.12.2017 16:44
840,713558,0,0,0,0,0,0,0,0,I,01.01.2018,29.12.2017 16:44
841,712536,0,0,0,0,0,0,0,0,I,01.01.2018,29.12.2017 16:44
842,712634,0,0,0,0,0,0,0,0,I,01.01.2018,29.12.2017 16:44
843,713736,0,0,0,0,0,0,0,0,I,01.01.2018,29.12.2017 16:44
844,713755,0,0,0,0,0,0,0,0,I,01.01.2018,29.12.2017 16:44
845,713763,0,0,0,0,0,0,0,0,I,01.01.2018,29.12.2017 16:44
846,713774,0,0,0,0,0,0,0,0,I,01.01.2018,29.12.2017 16:44
847,713789,0,0,0,0,0,0,0,0,I,01.01.2018,29.12.2017 16:44
848,713793,0,0,0,0,0,0,0,0,I,01.01.2018,29.12.2017 16:44
849,713878,0,0,0,0,0,0,0,0,I,01.01.2018,29.12.2017 16:44
850,713882,0,0,0,0,0,0,0,0,I,01.01.2018,29.12.2017 16:44
851,713914,0,0,0,0,0,0,0,0,I,01.01.2018,29.12.2017 16:44
852,713929,0,0,0,0,0,0,0,0,I,01.01.2018,29.12.2017 16:44
853,704690,0,0,0,0,0,0,0,0,I,01.12.2017,01.02.2018 13:00
854,704686,0,0,0,0,0,0,0,0,U,30.01.2018,01.02.2018 13:29
855,704671,0,0,0,0,0,0,0,0,U,30.01.2018,01.02.2018 13:29
856,704667,0,0,0,0,0,0,0,0,U,30.01.2018,01.02.2018 13:29
857,704652,0,0,0,0,0,0,0,0,U,30.01.2018,01.02.2018 13:29
858,704648,0,0,0,0,0,0,0,0,U,30.01.2018,01.02.2018 13:29
859,704633,0,0,0,0,0,0,0,0,U,30.01.2018,01.02.2018 13:29
860,704629,0,0,0,0,0,0,0,0,U,30.01.2018,01.02.2018 13:29
861,704614,0,0,0,0,0,0,0,0,U,30.01.2018,01.02.2018 13:29
862,705547,0,0,0,0,0,0,0,0,U,30.01.2018,01.02.2018 13:29
863,705532,0,0,0,0,0,0,0,0,U,30.01.2018,01.02.2018 13:29
864,705227,0,0,0,0,0,0,0,0,U,30.01.2018,01.02.2018 13:29
865,704953,0,0,0,0,0,0,0,0,U,30.01.2018,01.02.2018 13:29
866,704949,0,0,0,0,0,0,0,0,U,30.01.2018,01.02.2018 13:29
867,704934,0,0,0,0,0,0,0,0,U,30.01.2018,01.02.2018 13:29
868,706427,0,0,0,0,0,0,0,0,U,30.01.2018,01.02.2018 13:29
869,704544,0,0,0,0,0,0,0,0,U,30.01.2018,01.02.2018 13:29
870,704559,0,0,0,0,0,0,0,0,I,01.12.2017,01.02.2018 13:00
871,704563,0,0,0,0,0,0,0,0,U,30.01.2018,01.02.2018 13:29
872,704578,0,0,0,0,0,0,0,0,U,30.01.2018,01.02.2018 13:29
873,707487,0,0,0,0,0,0,0,0,I,01.12.2017,01.02.2018 13:00
874,705960,0,0,0,0,0,0,0,0,U,30.01.2018,01.02.2018 13:29
875,705956,0,0,0,0,0,0,0,0,U,30.01.2018,01.02.2018 13:29
876,705941,0,0,0,0,0,0,0,0,U,30.01.2018,01.02.2018 13:29
877,705937,0,0,0,0,0,0,0,0,U,30.01.2018,01.02.2018 13:29
878,704436,0,0,0,0,0,0,0,0,U,30.01.2018,01.02.2018 13:29
879,704421,0,0,0,0,0,0,0,0,U,30.01.2018,01.02.2018 13:29
880,704417,0,0,0,0,0,0,0,0,U,30.01.2018,01.02.2018 13:29
881,699628,0,0,0,0,0,0,0,0,U,30.01.2018,01.02.2018 13:29
882,699632,0,0,0,0,0,0,0,0,U,27.09.2018,01.10.2018 17:21
883,693411,0,0,0,0,0,0,0,0,I,01.12.2017,01.02.2018 13:00
884,694022,0,0,0,0,0,0,0,0,I,01.12.2017,01.02.2018 13:00
885,665049,0,0,0,0,0,0,0,0,U,30.01.2018,01.02.2018 13:29
886,665072,0,0,0,0,0,0,0,0,U,01.05.2018,28.04.2018 13:07
887,665227,0,0,0,0,0,0,0,0,U,01.05.2018,28.04.2018 13:07
888,661175,0,0,0,0,0,0,0,0,I,01.12.2017,01.02.2018 13:10
889,664987,0,0,0,0,0,0,0,0,I,30.01.2018,01.02.2018 13:29
890,673350,0,0,0,0,0,0,0,0,U,07.04.2021,07.04.2021 09:26
891,690854,0,0,0,0,0,0,0,0,I,15.04.2018,16.04.2018 12:16
892,690849,0,0,0,0,0,0,0,0,I,15.04.2018,16.04.2018 12:16
893,690820,0,0,0,0,0,0,0,0,I,15.04.2018,16.04.2018 12:16
894,690816,0,0,0,0,0,0,0,0,I,15.04.2018,16.04.2018 12:16
895,690784,0,0,0,0,0,0,0,0,I,15.04.2018,16.04.2018 12:16
896,690772,0,0,0,0,0,0,0,0,I,15.04.2018,16.04.2018 12:16
897,690750,0,0,0,0,0,0,0,0,I,15.04.2018,16.04.2018 12:16
898,690746,0,0,0,0,0,0,0,0,I,15.04.2018,16.04.2018 12:16
899,703325,0,0,0,0,0,0,0,0,I,01.05.2018,28.04.2018 12:27
900,703429,0,0,0,0,0,0,0,0,I,01.05.2018,28.04.2018 12:27
901,703541,0,0,0,0,0,0,0,0,I,01.05.2018,28.04.2018 12:27
902,703645,0,0,0,0,0,0,0,0,I,01.05.2018,28.04.2018 12:27
903,703664,0,0,0,0,0,0,0,0,I,01.05.2018,28.04.2018 12:27
904,703344,0,0,0,0,0,0,0,0,I,01.05.2018,28.04.2018 12:27
905,703433,0,0,0,0,0,0,0,0,I,01.05.2018,28.04.2018 12:27
906,703467,0,0,0,0,0,0,0,0,I,01.05.2018,28.04.2018 12:27
907,703594,0,0,0,0,0,0,0,0,I,01.05.2018,28.04.2018 12:27
908,703683,0,0,0,0,0,0,0,0,I,01.05.2018,28.04.2018 12:27
909,680956,0,0,0,0,0,0,0,0,U,02.06.2020,05.06.2020 13:44
910,692535,0,0,0,0,0,0,0,0,I,01.07.2018,03.07.2018 15:14
911,675426,0,0,0,0,0,0,0,0,I,01.07.2018,03.07.2018 15:14
912,714033,0,0,0,0,0,0,0,0,I,01.07.2018,03.07.2018 15:14
913,711622,0,0,0,0,0,0,0,0,I,01.07.2018,03.07.2018 15:14
914,683437,0,0,0,0,0,0,0,0,I,14.11.2018,16.11.2018 18:58
915,681427,0,0,0,0,0,0,0,0,I,02.06.2020,05.06.2020 14:53
916,681446,0,0,0,0,0,0,0,0,I,02.06.2020,11.06.2020 07:54
917,681465,0,0,0,0,0,0,0,0,I,02.06.2020,11.06.2020 08:10
918,681484,0,0,0,0,0,0,0,0,I,02.06.2020,11.06.2020 08:14
919,681499,683102,5,680000,283,684001,93,0,0,U,30.12.2020,30.12.2020 17:46
920,680104,693405,50,0,0,0,0,0,0,I,11.07.2025,10.07.2025 10:01
921,689409,663503,0,0,0,0,0,0,0,U,25.07.2019,20.08.2019 13:35
922,689202,663503,0,0,0,0,0,0,0,U,25.07.2019,20.08.2019 13:35
923,689503,660007,94,666501,195,0,0,0,0,U,01.12.2015,10.12.2015 14:05
924,689607,660007,89,666501,200,0,0,0,0,I,03.11.2015,03.11.2015 17:57
925,660312,660007,46,661103,346,0,0,0,0,I,01.05.2018,28.04.2018 12:27
926,702801,660007,294,661103,98,0,0,0,0,U,23.09.2024,20.09.2024 11:19
927,660844,660007,318,661103,74,0,0,0,0,U,28.11.2012,29.11.2012 18:31
928,660859,660007,333,661103,59,0,0,0,0,U,28.11.2012,29.11.2012 18:30
929,661003,660007,354,661103,38,0,0,0,0,U,28.11.2012,29.11.2012 18:30
930,661014,660007,377,661103,15,0,0,0,0,U,15.05.2018,05.07.2018 10:44
931,663404,663503,0,0,0,0,0,0,0,U,25.07.2019,20.08.2019 13:34
932,663804,663503,0,0,0,0,0,0,0,U,25.07.2019,20.08.2019 13:34
933,667612,660007,161,666501,128,0,0,0,0,U,29.05.2013,29.05.2013 17:20
934,660030,660007,6,661103,386,0,0,0,0,U,01.05.2018,28.04.2018 12:27
935,660204,660007,19,661103,373,0,0,0,0,U,28.11.2012,29.11.2012 18:31
936,660308,660007,31,661103,361,0,0,0,0,U,28.11.2012,29.11.2012 18:31
937,660327,660007,62,661103,330,0,0,0,0,U,25.07.2019,22.08.2019 12:27
938,660401,660007,77,661103,315,0,0,0,0,U,19.03.2013,19.03.2013 11:04
939,660492,660007,102,661103,290,0,0,0,0,U,07.02.2014,13.01.2019 00:00
940,667006,660007,134,666501,155,0,0,0,0,U,08.04.2022,08.04.2022 09:47
941,667106,660007,280,666501,9,0,0,0,0,U,29.05.2013,29.05.2013 17:07
942,667203,660007,263,666501,26,0,0,0,0,U,29.05.2013,29.05.2013 17:09
943,667222,660007,246,666501,43,0,0,0,0,U,29.05.2013,29.05.2013 17:10
944,667307,660007,239,666501,50,0,0,0,0,U,29.05.2013,29.05.2013 17:11
945,667311,660007,232,666501,57,0,0,0,0,U,29.05.2013,29.05.2013 17:12
946,667326,660007,224,666501,65,0,0,0,0,U,29.05.2013,29.05.2013 17:13
947,667400,660007,215,666501,74,0,0,0,0,U,29.05.2013,29.05.2013 17:14
948,667425,660007,201,666501,88,0,0,0,0,U,29.05.2013,29.05.2013 17:15
949,667519,660007,184,666501,105,0,0,0,0,U,29.05.2013,29.05.2013 17:17
950,667523,660007,176,666501,113,0,0,0,0,U,29.05.2013,29.05.2013 17:18
951,667608,660007,169,666501,120,0,0,0,0,U,29.05.2013,29.05.2013 17:19
952,667701,660007,143,666501,146,0,0,0,0,U,29.05.2013,29.05.2013 17:21
953,667720,660007,127,666501,162,0,0,0,0,U,29.05.2013,29.05.2013 17:21
954,667913,660007,84,666501,205,0,0,0,0,U,14.11.2018,16.11.2018 18:58
955,668102,660007,66,666501,223,0,0,0,0,U,29.05.2013,29.05.2013 17:25
956,668301,660007,50,666501,239,0,0,0,0,U,29.05.2013,29.05.2013 17:25
957,668403,660007,40,666501,249,0,0,0,0,U,29.05.2013,29.05.2013 17:26
958,668507,660007,22,666501,267,0,0,0,0,U,29.05.2013,29.05.2013 17:27
959,668511,660007,9,666501,280,0,0,0,0,U,29.05.2013,29.05.2013 17:28
960,685907,685707,32,685803,138,0,0,0,0,U,10.07.2013,10.07.2013 11:36
961,686007,685707,50,685803,120,0,0,0,0,U,09.01.2024,08.01.2024 11:35
962,686100,685707,66,685803,104,0,0,0,0,U,08.11.2023,03.11.2023 06:29
963,686204,685707,98,685803,72,0,0,0,0,U,08.11.2023,03.11.2023 06:28
964,686308,685707,123,685803,47,0,0,0,0,U,09.01.2024,08.01.2024 11:39
965,686401,685707,148,685803,22,0,0,0,0,U,06.03.2013,07.03.2013 10:50
966,687300,685707,160,685803,10,0,0,0,0,U,28.11.2012,29.11.2012 19:36
967,697406,710600,0,0,0,0,0,0,0,U,25.07.2019,28.08.2019 13:22
968,711209,709406,92,711302,27,0,0,0,0,U,03.04.2014,03.04.2014 15:17
969,711393,709406,67,711302,52,0,0,0,0,U,20.07.2017,02.08.2017 10:38
970,711505,709406,48,711302,71,0,0,0,0,U,29.05.2013,29.05.2013 10:45
971,709508,709406,10,0,0,0,0,0,0,U,25.07.2019,27.08.2019 08:42
972,709514,709406,23,711302,96,0,0,0,0,U,25.07.2019,21.08.2019 13:42
973,660505,660007,85,661103,307,0,0,0,0,U,28.11.2012,29.11.2012 18:31
974,660512,660007,118,661103,274,0,0,0,0,U,25.07.2019,23.08.2019 07:42
975,660539,660007,141,661103,251,0,0,0,0,U,07.02.2014,13.01.2019 00:00
976,660609,660007,157,661103,235,0,0,0,0,U,05.10.2017,17.10.2017 09:36
977,689700,660007,188,661103,204,0,0,0,0,U,25.07.2019,22.08.2019 06:39
978,660632,660007,202,661103,190,0,0,0,0,U,14.11.2018,16.11.2018 18:58
979,660717,660007,236,661103,156,0,0,0,0,U,04.05.2018,13.01.2019 00:00
980,660806,660007,255,661103,137,0,0,0,0,U,28.11.2012,29.11.2012 18:31
981,660810,660007,265,661103,127,0,0,0,0,U,15.05.2018,13.01.2019 00:00
982,660825,660007,279,661103,113,0,0,0,0,U,28.11.2012,13.01.2019 00:00
983,669919,669904,9,670102,156,0,0,0,0,U,25.07.2019,28.08.2019 13:06
984,669938,669904,29,670102,136,0,0,0,0,U,25.07.2019,23.08.2019 08:15
985,669942,669904,38,670102,127,0,0,0,0,U,25.07.2019,23.08.2019 07:42
986,669961,669904,57,670102,108,0,0,0,0,U,25.07.2019,22.08.2019 11:58
987,669976,669904,68,670102,97,0,0,0,0,U,25.07.2019,28.08.2019 07:58
988,670009,669904,85,670102,80,0,0,0,0,U,25.07.2019,28.08.2019 06:52
989,670013,669904,94,670102,71,0,0,0,0,U,25.07.2019,28.08.2019 13:51
990,670047,669904,114,670102,51,0,0,0,0,U,25.07.2019,23.08.2019 07:02
991,670051,669904,124,670102,41,0,0,0,0,U,25.07.2019,16.08.2019 12:58
992,670070,669904,139,670102,26,0,0,0,0,U,25.07.2019,28.08.2019 13:55
993,670090,669904,155,670102,10,0,0,0,0,U,25.07.2019,23.08.2019 09:35
994,694709,694605,6,693405,166,0,0,0,0,U,25.07.2019,21.08.2019 13:47
995,694802,694605,29,693405,189,0,0,0,0,U,25.07.2019,21.08.2019 13:49
996,700100,700007,9,0,0,0,0,0,0,U,01.04.2018,02.04.2018 17:44
997,694304,694605,47,693405,207,0,0,0,0,U,25.07.2019,21.08.2019 13:50
998,689908,687008,290,690002,6,0,0,0,0,U,25.02.2021,25.02.2021 13:29
999,692402,687008,264,690002,32,0,0,0,0,U,08.11.2023,03.11.2023 06:37
1000,692506,687008,229,690002,67,0,0,0,0,U,28.11.2012,09.07.2014 11:56
1001,692601,687008,191,690002,105,0,0,0,0,U,25.07.2019,16.08.2019 13:05
1002,692703,687008,150,690002,146,0,0,0,0,U,28.11.2012,29.11.2012 18:28
1003,692807,687008,108,690002,188,0,0,0,0,U,07.03.2024,06.03.2024 16:07
1004,692900,687008,88,690002,208,0,0,0,0,U,08.11.2023,03.11.2023 06:30
1005,693000,687008,70,690002,226,0,0,0,0,U,20.09.2021,20.09.2021 08:06
1006,693104,687008,38,690002,258,0,0,0,0,U,08.11.2023,03.11.2023 06:27
1007,702905,704101,0,0,0,0,0,0,0,U,25.07.2019,26.08.2019 10:20
1008,704008,704101,24,0,0,0,0,0,0,U,25.07.2019,22.08.2019 07:31
1009,704506,706304,117,704402,0,0,0,0,0,U,01.07.2021,17.06.2021 10:47
1010,697001,704101,5,0,0,0,0,0,0,U,25.07.2019,26.08.2019 09:38
1011,706408,706304,177,0,0,0,0,0,0,U,25.07.2019,22.08.2019 06:34
1012,706412,706304,152,0,0,0,0,0,0,U,25.07.2019,28.08.2019 13:22
1013,706431,706304,110,0,0,0,0,0,0,U,25.07.2019,16.08.2019 13:20
1014,706501,706304,123,0,0,0,0,0,0,U,25.07.2019,20.08.2019 08:40
1015,706605,706304,90,0,0,0,0,0,0,U,25.07.2019,23.08.2019 06:35
1016,706616,706304,80,0,0,0,0,0,0,U,25.07.2019,27.08.2019 15:02
1017,706709,706304,32,0,0,0,0,0,0,U,25.02.2021,25.02.2021 14:05
1018,706747,706304,52,0,0,0,0,0,0,U,25.02.2021,25.02.2021 14:07
1019,706802,706304,123,0,0,0,0,0,0,U,25.07.2019,27.08.2019 08:51
1020,706906,706304,13,0,0,0,0,0,0,U,16.10.2024,15.10.2024 13:13
1021,707006,706304,9,0,0,0,0,0,0,U,25.07.2019,20.08.2019 08:43
1022,707107,706304,10,704402,107,0,0,0,0,U,25.07.2019,27.08.2019 08:54
1023,707203,706304,20,704402,97,0,0,0,0,U,25.07.2019,28.08.2019 13:04
1024,707307,706304,39,704402,78,0,0,0,0,U,25.07.2019,19.08.2019 07:04
1025,707400,706304,64,704402,53,0,0,0,0,U,25.02.2021,25.02.2021 14:17
1026,707504,706304,83,704402,34,0,0,0,0,U,25.07.2019,26.08.2019 09:41
1027,663132,662801,238,663306,166,0,0,0,0,U,19.11.2024,18.11.2024 14:01
1028,662708,662801,52,662905,27,0,0,0,0,U,25.07.2019,16.08.2019 13:01
1029,662712,662801,28,662905,51,0,0,0,0,U,25.07.2019,23.08.2019 07:48
1030,662913,662801,77,662905,2,0,0,0,0,U,25.07.2019,26.08.2019 12:20
1031,663005,662801,80,663306,324,0,0,0,0,U,25.07.2019,28.08.2019 12:44
1032,663019,662801,32,663306,372,0,0,0,0,U,25.07.2019,26.08.2019 15:03
1033,663109,662801,178,663306,226,0,0,0,0,U,08.11.2024,07.11.2024 12:38
1034,663128,662801,224,663306,180,0,0,0,0,U,25.07.2019,26.08.2019 09:42
1035,663151,662801,278,663306,126,0,0,0,0,U,25.07.2019,26.08.2019 13:13
1036,663202,662801,312,663306,92,0,0,0,0,U,20.09.2021,20.09.2021 08:05
1037,663221,662801,351,663306,53,0,0,0,0,U,25.07.2019,26.08.2019 14:52
1038,663236,662801,394,663306,10,0,0,0,0,U,25.07.2019,27.08.2019 15:01
1039,664008,662801,15,663306,389,0,0,0,0,U,19.11.2024,18.11.2024 14:00
1040,664402,662801,128,663306,276,0,0,0,0,U,25.07.2019,27.08.2019 07:15
1041,665706,662801,104,663306,300,0,0,0,0,U,25.07.2019,27.08.2019 07:08
1042,665805,662801,298,663306,106,0,0,0,0,U,25.07.2019,26.08.2019 14:23
1043,671105,676700,693,670102,19,0,0,0,0,U,25.07.2019,26.08.2019 15:00
1044,671209,676700,674,670102,38,0,0,0,0,U,25.07.2019,23.08.2019 07:02
1045,671603,676700,631,670102,81,0,0,0,0,U,25.07.2019,26.08.2019 14:58
1046,672907,676700,616,670102,96,0,0,0,0,U,25.07.2019,16.08.2019 12:36
1047,673100,676700,596,670102,116,0,0,0,0,U,25.07.2019,26.08.2019 14:54
1048,674809,676700,576,670102,136,0,0,0,0,U,25.07.2019,26.08.2019 14:51
1049,675106,676700,555,670102,157,0,0,0,0,U,25.07.2019,26.08.2019 14:25
1050,675604,676700,537,670102,175,0,0,0,0,U,25.07.2019,26.08.2019 14:24
1051,700909,700505,94,708009,420,708507,727,0,0,U,02.08.2021,02.08.2021 14:21
1052,676607,676700,517,670102,195,0,0,0,0,U,25.02.2021,25.02.2021 13:51
1053,676804,676700,44,670102,668,0,0,0,0,U,25.07.2019,28.08.2019 09:00
1054,676819,676700,88,670102,624,0,0,0,0,U,25.07.2019,28.08.2019 06:47
1055,676823,676700,112,670102,600,0,0,0,0,U,25.07.2019,20.08.2019 07:23
1056,676908,676700,496,670102,216,0,0,0,0,U,25.07.2019,26.08.2019 13:14
1057,677008,676700,164,670102,548,0,0,0,0,U,09.01.2024,08.01.2024 11:46
1058,677101,676700,476,670102,236,0,0,0,0,U,25.07.2019,26.08.2019 13:12
1059,677402,676700,457,670102,255,0,0,0,0,U,25.07.2019,26.08.2019 13:10
1060,678000,676700,438,670102,274,0,0,0,0,U,25.07.2019,23.08.2019 08:27
1061,678104,676700,410,670102,302,0,0,0,0,U,25.07.2019,27.08.2019 07:22
1062,678208,676700,385,670102,327,0,0,0,0,U,25.07.2019,27.08.2019 07:19
1063,678509,676700,360,670102,352,0,0,0,0,U,25.07.2019,23.08.2019 08:03
1064,678602,676700,340,670102,372,0,0,0,0,U,25.07.2019,27.08.2019 07:11
1065,678706,676700,322,670102,390,0,0,0,0,U,25.07.2019,27.08.2019 07:09
1066,678802,676700,302,670102,410,0,0,0,0,U,25.07.2019,19.08.2019 12:35
1067,679200,676700,266,670102,446,0,0,0,0,U,25.07.2019,26.08.2019 15:08
1068,679304,676700,242,670102,470,0,0,0,0,U,25.07.2019,23.08.2019 07:04
1069,679408,676700,214,670102,498,0,0,0,0,U,25.07.2019,26.08.2019 15:02
1070,678570,676700,193,670102,519,0,0,0,0,U,25.07.2019,26.08.2019 13:07
1071,700721,700505,47,708009,467,708507,774,0,0,U,02.08.2021,02.08.2021 14:23
1072,700806,700505,66,708009,448,708507,755,0,0,U,02.08.2021,02.08.2021 14:23
1073,700810,700505,78,708009,436,708507,743,0,0,U,02.08.2021,02.08.2021 14:22
1074,701004,700505,101,708009,413,708507,720,0,0,U,02.08.2021,02.08.2021 14:20
1075,701014,700505,108,708009,406,708507,713,0,0,U,02.08.2021,02.08.2021 14:19
1076,701103,700505,115,708009,399,708507,706,0,0,U,02.08.2021,02.08.2021 14:19
1077,701118,700505,123,708009,391,708507,698,0,0,U,02.08.2021,02.08.2021 14:18
1078,701122,700505,132,708009,382,708507,689,0,0,U,02.08.2021,02.08.2021 14:17
1079,701137,700505,141,708009,373,708507,680,0,0,U,02.08.2021,02.08.2021 14:16
1080,701207,700505,149,708009,365,708507,672,0,0,U,02.08.2021,02.08.2021 14:15
1081,701211,700505,158,708009,356,708507,663,0,0,U,02.08.2021,02.08.2021 14:13
1082,701226,700505,166,708009,348,708507,655,0,0,U,02.08.2021,02.08.2021 14:12
1083,701230,700505,174,708009,340,708507,647,0,0,U,02.08.2021,02.08.2021 14:11
1084,701300,700505,183,708009,331,708507,638,0,0,U,02.08.2021,02.08.2021 14:09
1085,701315,700505,191,708009,323,708507,630,0,0,U,02.08.2021,02.08.2021 14:08
1086,701323,700505,201,708009,313,708507,620,0,0,U,02.08.2021,02.08.2021 14:07
1087,701334,700505,210,708009,304,708507,611,0,0,U,02.08.2021,02.08.2021 14:05
1088,701404,700505,219,708009,295,708507,602,0,0,U,02.08.2021,02.08.2021 14:04
1089,701508,700505,231,708009,283,708507,590,0,0,U,02.08.2021,02.08.2021 14:04
1090,701601,700505,258,708009,310,708507,617,0,0,U,25.05.2024,24.05.2024 13:18
1091,701705,700505,287,708009,339,708507,646,0,0,U,02.08.2021,02.08.2021 14:10
1092,701809,700505,304,708009,356,708507,663,0,0,U,02.08.2021,02.08.2021 14:13
1093,701902,700505,307,708009,359,708507,666,0,0,U,02.08.2021,02.08.2021 14:14
1094,702002,700505,242,708009,272,708507,579,0,0,U,02.08.2021,02.08.2021 14:02
1095,702106,700505,260,708009,254,708507,561,0,0,U,02.08.2021,02.08.2021 14:01
1096,702110,700505,269,708009,245,708507,552,0,0,U,02.08.2021,02.08.2021 14:01
1097,702125,700505,276,708009,238,708507,545,0,0,U,02.08.2021,02.08.2021 14:00
1098,702133,700505,286,708009,228,708507,535,0,0,U,02.08.2021,02.08.2021 13:59
1099,702144,700505,295,708009,219,708507,526,0,0,U,02.08.2021,02.08.2021 13:58
1100,702303,700505,302,708009,212,708507,519,0,0,U,02.08.2021,02.08.2021 13:57
1101,702407,700505,312,708009,202,708507,509,0,0,U,02.08.2021,02.08.2021 13:56
1102,702411,700505,328,708009,186,708507,493,0,0,U,02.08.2021,02.08.2021 13:55
1103,702426,700505,340,708009,174,708507,481,0,0,U,02.08.2021,02.08.2021 13:54
1104,702430,700505,355,708009,159,708507,466,0,0,U,02.08.2021,02.08.2021 13:54
1105,702500,700505,368,708009,146,708507,453,0,0,U,02.08.2021,02.08.2021 13:53
1106,702515,700505,378,708009,136,708507,443,0,0,U,02.08.2021,02.08.2021 13:52
1107,702529,700505,394,708009,120,708507,427,0,0,U,02.08.2021,02.08.2021 13:51
1108,702604,700505,410,708009,104,708507,411,0,0,U,02.08.2021,02.08.2021 13:50
1109,702619,700505,416,708009,98,708507,405,0,0,U,02.08.2021,02.08.2021 13:49
1110,702623,700505,425,708009,89,708507,396,0,0,U,02.08.2021,02.08.2021 13:47
1111,702638,700505,441,708009,73,708507,380,0,0,U,02.08.2021,02.08.2021 13:46
1112,702657,700505,458,708009,56,708507,363,0,0,U,02.08.2021,02.08.2021 13:45
1113,702661,700505,470,708009,44,708507,351,0,0,U,02.08.2021,02.08.2021 13:44
1114,702676,700505,480,708009,34,708507,341,0,0,U,02.08.2021,02.08.2021 13:43
1115,702708,700505,497,708009,17,708507,324,0,0,U,02.08.2021,02.08.2021 13:41
1116,702712,700505,506,708009,8,708507,315,0,0,U,02.08.2021,02.08.2021 13:39
1117,662587,662801,208,663306,196,0,0,0,0,U,25.07.2019,27.08.2019 07:24
1118,662591,662801,256,663306,148,0,0,0,0,U,25.07.2019,26.08.2019 13:13
1119,663240,662801,329,663306,75,0,0,0,0,U,25.07.2019,26.08.2019 14:26
1120,662638,662801,377,663306,27,0,0,0,0,U,25.07.2019,26.08.2019 14:56
1121,676335,676700,26,670102,686,0,0,0,0,U,25.07.2019,20.08.2019 07:18
1122,676791,676700,149,670102,563,0,0,0,0,U,25.07.2019,20.08.2019 07:25
1123,676359,676700,69,670102,643,0,0,0,0,U,25.07.2019,20.08.2019 07:21
1124,662854,662801,55,663306,349,0,0,0,0,U,25.07.2019,26.08.2019 15:08
1125,662572,662801,152,663306,252,0,0,0,0,U,25.07.2019,27.08.2019 07:20
1126,696303,696102,16,0,0,0,0,0,0,U,09.01.2024,08.01.2024 11:46
1127,696403,696102,20,0,0,0,0,0,0,U,09.01.2024,08.01.2024 11:47
1128,700609,700505,14,708009,500,708507,807,0,0,U,07.03.2024,06.03.2024 16:09
1129,700702,700505,28,708009,486,708507,793,0,0,U,02.08.2021,02.08.2021 14:25
1130,700717,700505,39,708009,475,708507,782,0,0,U,02.08.2021,02.08.2021 14:24
1131,714809,676700,653,670102,59,0,0,0,0,U,25.07.2019,26.08.2019 14:59
1132,714902,676700,285,670102,427,0,0,0,0,U,25.07.2019,26.08.2019 15:15
1133,660702,661103,174,660007,218,0,0,0,0,U,29.01.2019,20.02.2019 14:11
1134,671302,666501,178,660007,111,0,0,0,0,U,08.04.2022,08.04.2022 09:44
1135,667504,666501,96,660007,193,0,0,0,0,U,01.11.2015,21.10.2015 15:24
1136,667627,666501,137,660007,152,0,0,0,0,U,14.11.2018,16.11.2018 18:58
1137,667735,666501,170,660007,119,0,0,0,0,U,01.05.2018,28.04.2018 12:27
1138,667805,666501,186,660007,103,0,0,0,0,U,01.11.2015,21.10.2015 15:24
1139,668808,668600,26,660007,109,0,0,0,0,U,25.07.2019,21.08.2019 14:05
1140,668827,668600,38,660007,97,0,0,0,0,U,25.07.2019,19.08.2019 12:38
1141,669001,668600,74,660007,61,0,0,0,0,U,25.07.2019,28.08.2019 07:29
1142,669020,668600,101,660007,34,0,0,0,0,U,25.07.2019,26.08.2019 15:11
1143,669045,668600,121,660007,14,0,0,0,0,U,25.07.2019,26.08.2019 15:12
1144,684020,684001,25,685707,198,0,0,0,0,U,28.11.2012,29.11.2012 18:26
1145,684040,684001,59,685707,164,0,0,0,0,U,28.11.2012,29.11.2012 18:26
1146,684105,684001,43,685707,180,0,0,0,0,U,28.11.2012,29.11.2012 18:26
1147,685305,684001,91,685707,132,0,0,0,0,U,28.11.2012,29.11.2012 18:28
1148,685324,684001,118,685707,105,0,0,0,0,U,01.06.2018,01.06.2018 16:13
1149,685339,684001,131,685707,92,0,0,0,0,U,28.11.2012,29.11.2012 18:28
1150,685409,684001,143,685707,80,0,0,0,0,U,27.09.2024,26.09.2024 13:07
1151,685413,684001,157,685707,66,0,0,0,0,U,01.06.2018,06.07.2018 15:20
1152,685502,684001,174,685707,49,0,0,0,0,U,27.09.2024,26.09.2024 13:01
1153,679003,683102,72,679107,33,0,0,0,0,U,25.07.2019,22.08.2019 12:00
1154,679111,683102,101,679107,4,0,0,0,0,U,25.07.2019,21.08.2019 13:53
1155,682608,683102,42,679107,63,0,0,0,0,U,09.10.2023,06.10.2023 07:47
1156,698254,698004,7,710600,29,0,0,0,0,U,25.07.2019,27.08.2019 08:57
1157,702200,700505,106,707701,187,0,0,0,0,U,25.07.2019,28.08.2019 13:35
1158,696051,696102,7,697509,110,0,0,0,0,U,08.12.2020,08.12.2020 11:57
1159,704807,700505,255,707701,38,0,0,0,0,U,25.07.2024,23.07.2024 10:42
1160,705806,700505,200,707701,93,0,0,0,0,U,25.07.2019,27.08.2019 15:12
1161,696206,696102,8,697509,114,0,0,0,0,U,19.01.2021,19.01.2021 16:28
1162,696704,696102,11,697509,106,0,0,0,0,U,08.11.2023,03.11.2023 06:39
1163,696719,696102,21,697509,96,0,0,0,0,U,25.07.2019,23.08.2019 08:38
1164,696723,696102,33,697509,84,0,0,0,0,U,25.07.2019,26.08.2019 14:22
1165,696901,696102,57,697509,60,0,0,0,0,U,25.07.2019,26.08.2019 09:43
1166,697105,696102,88,697509,91,0,0,0,0,U,25.07.2019,27.08.2019 07:30
1167,697209,696102,97,697509,100,0,0,0,0,U,25.07.2019,28.08.2019 08:57
1168,697302,696102,84,697509,33,0,0,0,0,U,25.07.2019,28.08.2019 13:33
1169,689005,696102,110,697509,7,0,0,0,0,U,01.07.2025,30.06.2025 10:51
1170,700513,700505,18,707701,275,0,0,0,0,U,25.07.2019,26.08.2019 07:00
1171,700524,700505,37,707701,256,0,0,0,0,U,25.07.2019,21.08.2019 13:52
1172,700539,700505,58,707701,235,0,0,0,0,U,25.07.2019,22.08.2019 06:41
1173,700543,700505,78,707701,215,0,0,0,0,U,25.07.2019,22.08.2019 07:36
1174,700558,700505,124,707701,169,0,0,0,0,U,25.07.2019,26.08.2019 12:16
1175,700562,700505,150,707701,143,0,0,0,0,U,25.07.2019,26.08.2019 12:29
1176,700577,700505,175,707701,118,0,0,0,0,U,25.07.2019,28.08.2019 13:34
1177,700596,700505,219,707701,74,0,0,0,0,U,25.07.2019,16.08.2019 12:43
1178,700613,700505,237,707701,56,0,0,0,0,U,25.07.2019,23.08.2019 07:46
1179,700632,700505,268,707701,25,0,0,0,0,U,25.07.2019,22.08.2019 12:06
1180,707608,700505,284,707701,9,0,0,0,0,U,25.07.2019,19.08.2019 07:24
1181,707805,700505,284,707701,9,0,0,0,0,U,25.07.2019,19.08.2019 07:25
1182,668013,668600,14,660007,121,0,0,0,0,U,25.07.2019,20.08.2019 07:35
1183,668028,668600,59,660007,76,0,0,0,0,U,25.07.2019,20.08.2019 07:36
1184,668032,668600,88,660007,47,0,0,0,0,U,25.07.2019,20.08.2019 07:37
1185,687103,687008,12,685707,186,0,0,0,0,U,08.11.2023,03.11.2023 06:33
1186,688002,687008,58,685707,232,0,0,0,0,U,20.09.2021,20.09.2021 06:53
1187,688106,687008,73,685707,247,0,0,0,0,U,20.09.2021,20.09.2021 06:55
1188,688203,687008,98,685707,272,0,0,0,0,U,20.09.2021,20.09.2021 06:43
1189,688303,687008,125,685707,299,0,0,0,0,U,20.09.2021,20.09.2021 06:41
1190,688407,687008,148,685707,322,0,0,0,0,U,09.01.2024,08.01.2024 11:45
1191,688500,687008,174,685707,348,0,0,0,0,U,09.01.2024,08.01.2024 11:50
1192,688604,687008,209,685707,383,0,0,0,0,U,08.11.2023,03.11.2023 06:31
1193,661156,661103,10,662002,400,0,0,0,0,U,30.12.2020,30.12.2020 14:16
1194,661207,661103,90,662002,320,0,0,0,0,U,15.09.2022,12.09.2022 15:06
1195,661300,661103,34,662002,376,0,0,0,0,U,30.12.2020,30.12.2020 13:58
1196,661315,661103,49,662002,361,0,0,0,0,U,30.12.2020,30.12.2020 14:19
1197,661322,661103,22,662002,388,0,0,0,0,U,30.12.2020,30.12.2020 14:17
1198,661404,661103,65,662002,345,0,0,0,0,U,30.12.2020,30.12.2020 14:40
1199,661419,661103,77,662002,333,0,0,0,0,U,30.12.2020,30.12.2020 14:35
1200,661438,661103,104,662002,306,0,0,0,0,U,30.12.2020,30.12.2020 14:21
1201,661508,661103,116,662002,294,0,0,0,0,U,30.12.2020,30.12.2020 14:36
1202,661601,661103,125,662002,292,0,0,0,0,U,16.07.2019,16.07.2019 14:17
1203,661705,661103,123,662002,287,0,0,0,0,U,30.12.2020,30.12.2020 13:42
1204,661718,661103,143,662002,267,0,0,0,0,U,30.12.2020,30.12.2020 14:07
1205,661809,661103,131,662002,279,0,0,0,0,U,30.12.2020,30.12.2020 14:10
1206,661813,661103,158,662002,252,0,0,0,0,U,30.12.2020,30.12.2020 14:37
1207,661828,661103,173,662002,237,0,0,0,0,U,30.12.2020,30.12.2020 14:27
1208,661832,661103,186,662002,224,0,0,0,0,U,30.12.2020,30.12.2020 13:53
1209,661902,661103,131,662002,279,0,0,0,0,U,30.12.2020,30.12.2020 14:11
1210,662106,661103,199,662002,211,0,0,0,0,U,30.12.2020,30.12.2020 11:36
1211,662110,661103,214,662002,196,0,0,0,0,U,30.12.2020,30.12.2020 14:26
1212,667932,661103,356,662002,54,0,0,0,0,U,30.12.2020,30.12.2020 13:59
1213,703196,704703,4,700007,299,0,0,0,0,U,25.07.2019,26.08.2019 12:58
1214,661512,661103,121,662002,289,0,0,0,0,U,30.12.2020,30.12.2020 14:18
1215,671001,660007,151,669904,122,0,0,0,0,U,08.04.2022,08.04.2022 09:36
1216,669302,660007,29,669904,244,0,0,0,0,U,25.07.2019,22.08.2019 11:57
1217,669321,660007,10,669904,263,0,0,0,0,U,25.07.2019,26.08.2019 12:53
1218,669355,660007,54,669904,219,0,0,0,0,U,25.07.2019,22.08.2019 12:06
1219,669374,660007,65,669904,208,0,0,0,0,U,25.07.2019,27.08.2019 15:00
1220,669393,660007,80,669904,193,0,0,0,0,U,25.07.2019,23.08.2019 08:39
1221,669406,660007,98,669904,175,0,0,0,0,U,25.07.2019,22.08.2019 06:59
1222,669425,660007,116,669904,157,0,0,0,0,U,25.07.2019,26.08.2019 08:58
1223,669430,660007,125,669904,148,0,0,0,0,U,20.09.2021,20.09.2021 07:26
1224,669507,660007,135,669904,138,0,0,0,0,U,20.09.2021,20.09.2021 06:36
1225,669603,660007,159,669904,114,0,0,0,0,U,25.07.2019,20.08.2019 07:07
1226,669618,660007,169,669904,104,0,0,0,0,U,25.07.2019,27.08.2019 07:14
1227,669707,660007,185,669904,88,0,0,0,0,U,25.07.2019,23.08.2019 08:30
1228,669726,660007,205,669904,68,0,0,0,0,U,25.07.2019,23.08.2019 07:05
1229,669730,660007,214,669904,59,0,0,0,0,U,25.07.2019,22.08.2019 12:20
1230,669800,660007,231,669904,42,0,0,0,0,U,25.07.2019,22.08.2019 12:17
1231,669834,660007,254,669904,19,0,0,0,0,U,25.07.2019,28.08.2019 12:40
1232,662125,661103,229,662002,181,0,0,0,0,U,30.12.2020,30.12.2020 14:25
1233,662132,661103,243,662002,167,0,0,0,0,U,30.12.2020,30.12.2020 14:12
1234,662209,661103,257,662002,153,0,0,0,0,U,30.12.2020,30.12.2020 14:33
1235,662214,661103,272,662002,138,0,0,0,0,U,30.12.2020,30.12.2020 14:24
1236,678903,661103,286,662002,124,0,0,0,0,U,07.08.2023,04.08.2023 06:35
1237,662233,661103,300,662002,110,0,0,0,0,U,30.12.2020,30.12.2020 14:22
1238,662248,661103,315,662002,95,0,0,0,0,U,30.12.2020,30.12.2020 14:31
1239,662252,661103,328,662002,82,0,0,0,0,U,30.12.2020,30.12.2020 13:48
1240,662267,661103,343,662002,67,0,0,0,0,U,30.12.2020,30.12.2020 14:30
1241,662303,661103,366,662002,44,0,0,0,0,U,30.12.2020,30.12.2020 13:55
1242,662318,661103,377,662002,33,0,0,0,0,U,30.12.2020,30.12.2020 14:29
1243,662322,661103,392,662002,18,0,0,0,0,U,30.12.2020,30.12.2020 14:28
1244,662407,661103,406,662002,4,0,0,0,0,U,30.12.2020,30.12.2020 13:56
1245,703005,704703,40,700007,263,0,0,0,0,U,25.02.2021,25.02.2021 14:26
1246,703109,704703,65,700007,238,0,0,0,0,U,25.07.2019,28.08.2019 13:53
1247,703113,704703,74,700007,229,0,0,0,0,U,25.02.2021,25.02.2021 14:27
1248,703128,704703,90,700007,213,0,0,0,0,U,25.02.2021,25.02.2021 14:28
1249,703202,704703,100,700007,203,0,0,0,0,U,25.02.2021,25.02.2021 14:29
1250,703217,704703,111,700007,192,0,0,0,0,U,25.02.2021,25.02.2021 14:30
1251,703221,704703,128,700007,175,0,0,0,0,U,25.02.2021,25.02.2021 14:31
1252,703306,704703,147,700007,156,0,0,0,0,U,25.07.2019,26.08.2019 12:30
1253,703405,704703,170,700007,133,0,0,0,0,U,25.07.2019,28.08.2019 13:20
1254,703503,704703,196,700007,107,0,0,0,0,U,25.07.2019,23.08.2019 08:13
1255,703522,704703,226,700007,77,0,0,0,0,U,25.07.2019,22.08.2019 07:37
1256,703607,704703,239,700007,64,0,0,0,0,U,26.05.2020,19.05.2020 11:34
1257,703611,704703,250,700007,53,0,0,0,0,U,25.07.2019,22.08.2019 07:35
1258,703700,704703,276,700007,27,0,0,0,0,U,03.10.2023,04.10.2023 07:11
1259,703804,704703,286,700007,17,0,0,0,0,U,25.07.2019,16.08.2019 13:08
1260,703908,704703,295,700007,8,0,0,0,0,U,25.07.2019,20.08.2019 08:46
1261,704722,704703,7,700007,296,0,0,0,0,U,25.07.2019,23.08.2019 07:40
1262,704737,704703,21,700007,282,0,0,0,0,U,25.02.2021,25.02.2021 14:26
1263,694200,693405,29,694605,138,0,0,0,0,U,25.07.2019,23.08.2019 08:22
1264,694215,693405,54,694605,113,0,0,0,0,U,25.07.2019,28.08.2019 12:39
1265,694408,693405,95,694605,72,0,0,0,0,U,25.07.2019,20.08.2019 08:07
1266,694501,693405,121,694605,46,0,0,0,0,U,25.07.2019,28.08.2019 13:39
1267,694516,693405,154,694605,13,0,0,0,0,U,25.07.2019,26.08.2019 12:22
1268,687207,688708,183,687008,12,0,0,0,0,U,16.07.2019,16.07.2019 14:54
1269,687404,688708,175,687008,20,0,0,0,0,U,08.04.2022,08.04.2022 09:46
1270,687508,688708,159,687008,36,0,0,0,0,U,08.11.2023,03.11.2023 06:25
1271,687601,688708,142,687008,53,0,0,0,0,U,24.10.2023,20.10.2023 06:39
1272,687705,688708,125,687008,70,0,0,0,0,U,08.11.2023,03.11.2023 06:36
1273,687724,688708,105,687008,90,0,0,0,0,U,25.07.2019,28.08.2019 06:35
1274,687809,688708,84,687008,111,0,0,0,0,U,27.09.2024,26.09.2024 13:06
1275,687828,688708,64,687008,131,0,0,0,0,U,25.07.2019,22.08.2019 06:32
1276,687902,688708,44,687008,151,0,0,0,0,U,09.01.2024,08.01.2024 11:44
1277,687917,688708,33,687008,162,0,0,0,0,U,25.07.2019,23.08.2019 07:05
1278,687936,688708,12,687008,183,0,0,0,0,U,25.07.2019,22.08.2019 06:35
1279,695909,698004,63,698606,16,0,0,0,0,U,18.04.2022,08.04.2022 14:13
1280,696808,698004,63,698606,16,0,0,0,0,U,18.04.2022,08.04.2022 14:16
1281,698057,698004,27,698606,52,0,0,0,0,U,25.07.2019,22.08.2019 12:25
1282,698409,698004,45,698606,34,0,0,0,0,U,25.07.2019,19.08.2019 12:30
1283,698502,698004,72,698606,7,0,0,0,0,U,25.07.2019,23.08.2019 08:17
1284,660908,698606,60,706304,143,0,0,0,0,U,25.07.2019,26.08.2019 09:47
1285,705903,698606,133,706304,70,0,0,0,0,U,25.07.2019,20.08.2019 08:32
1286,705918,698606,150,706304,53,0,0,0,0,U,08.11.2024,07.11.2024 12:26
1287,705922,698606,160,706304,43,0,0,0,0,U,25.02.2021,25.02.2021 14:14
1288,706003,698606,172,706304,31,0,0,0,0,U,25.07.2019,26.08.2019 09:37
1289,706018,698606,178,706304,25,0,0,0,0,U,25.07.2019,22.08.2019 11:54
1290,706107,698606,187,706304,16,0,0,0,0,U,25.07.2019,28.08.2019 13:57
1291,698704,698606,7,706304,204,0,0,0,0,U,08.12.2020,08.12.2020 13:18
1292,698803,698606,13,706304,210,0,0,0,0,U,13.07.2021,13.07.2021 13:34
1293,698907,698606,20,706304,217,0,0,0,0,U,13.07.2021,13.07.2021 13:54
1294,699007,698606,29,706304,226,0,0,0,0,U,13.07.2021,13.07.2021 13:56
1295,699100,698606,12,706304,209,0,0,0,0,U,13.07.2021,13.07.2021 13:58
1296,699204,698606,13,706304,190,0,0,0,0,U,21.06.2024,20.06.2024 10:42
1297,699308,698606,27,706304,176,0,0,0,0,U,05.04.2024,03.04.2024 07:15
1298,699401,698606,49,706304,154,0,0,0,0,U,25.07.2019,02.09.2019 06:15
1299,699505,698606,55,706304,148,0,0,0,0,U,25.07.2019,27.08.2019 08:38
1300,699609,698606,75,706304,128,0,0,0,0,U,25.07.2019,23.08.2019 08:05
1301,699702,698606,84,706304,119,0,0,0,0,U,25.07.2019,28.08.2019 12:31
1302,699740,698606,98,706304,105,0,0,0,0,U,25.07.2019,26.08.2019 12:22
1303,699767,698606,114,706304,104,0,0,0,0,U,25.07.2019,16.08.2019 12:37
1304,699774,698606,116,706304,87,0,0,0,0,U,25.02.2021,25.02.2021 14:10
1305,706200,698606,195,706304,8,0,0,0,0,U,08.11.2024,07.11.2024 12:25
1306,686505,685707,22,687008,166,0,0,0,0,U,24.10.2023,20.10.2023 06:33
1307,686609,685707,51,687008,137,0,0,0,0,U,08.11.2023,03.11.2023 06:40
1308,686702,685707,93,687008,95,0,0,0,0,U,25.02.2021,25.02.2021 13:34
1309,686806,685707,117,687008,71,0,0,0,0,U,08.11.2023,03.11.2023 06:38
1310,686902,685707,142,687008,46,0,0,0,0,U,09.01.2024,08.01.2024 11:42
1311,686933,685707,178,687008,10,0,0,0,0,U,28.11.2012,29.11.2012 18:29
1312,704205,710600,78,704101,17,0,0,0,0,U,25.07.2019,21.08.2019 13:19
1313,697904,710600,41,704101,54,0,0,0,0,U,25.07.2019,28.08.2019 13:37
1314,698201,710600,9,704101,86,0,0,0,0,U,25.07.2019,26.08.2019 09:48
1315,698216,710600,27,704101,68,0,0,0,0,U,25.07.2019,28.08.2019 13:26
1316,698305,710600,91,704101,4,0,0,0,0,U,25.07.2019,27.08.2019 08:55
1317,699900,710600,59,704101,36,0,0,0,0,U,25.07.2019,22.08.2019 11:59
1318,661118,661103,17,662801,283,0,0,0,0,U,25.07.2019,27.08.2019 07:07
1319,661137,661103,54,662801,246,0,0,0,0,U,25.07.2019,27.08.2019 07:06
1320,661141,661103,74,662801,226,0,0,0,0,U,25.07.2019,26.08.2019 15:23
1321,661160,661103,84,662801,216,0,0,0,0,U,25.07.2019,28.08.2019 13:54
1322,660100,661103,47,662801,253,0,0,0,0,U,25.07.2019,19.08.2019 12:37
1323,662500,661103,94,662801,206,0,0,0,0,U,20.09.2021,20.09.2021 08:00
1324,662515,661103,112,662801,188,0,0,0,0,U,25.07.2019,26.08.2019 15:22
1325,662528,661103,130,662801,170,0,0,0,0,U,25.07.2019,26.08.2019 15:21
1326,662549,661103,168,662801,132,0,0,0,0,U,25.07.2019,26.08.2019 15:20
1327,662604,661103,187,662801,113,0,0,0,0,U,08.11.2024,07.11.2024 12:33
1328,662619,661103,205,662801,95,0,0,0,0,U,25.07.2019,26.08.2019 15:19
1329,662623,661103,224,662801,76,0,0,0,0,U,25.07.2019,26.08.2019 15:18
1330,662642,661103,263,662801,37,0,0,0,0,U,25.07.2019,26.08.2019 15:17
1331,664807,661103,279,662801,21,0,0,0,0,U,19.11.2024,18.11.2024 14:02
1332,664101,661103,248,662801,52,0,0,0,0,U,25.07.2019,23.08.2019 08:24
1333,664205,661103,36,662801,264,0,0,0,0,U,25.07.2019,20.08.2019 06:53
1334,664309,661103,149,662801,151,0,0,0,0,U,19.11.2024,18.11.2024 14:04
1335,690604,675905,191,676700,167,0,0,0,0,U,25.07.2019,19.08.2019 14:45
1336,667256,675905,157,676700,97,0,0,0,0,U,25.07.2019,26.08.2019 14:53
1337,675958,675905,51,676700,203,0,0,0,0,U,25.07.2019,23.08.2019 08:06
1338,675962,675905,69,676700,185,0,0,0,0,U,25.07.2019,26.08.2019 13:03
1339,676113,675905,34,676700,220,0,0,0,0,U,25.07.2019,26.08.2019 15:13
1340,676202,675905,91,676700,163,0,0,0,0,U,25.07.2019,22.08.2019 06:25
1341,676217,675905,117,676700,137,0,0,0,0,U,25.07.2019,26.08.2019 13:02
1342,676221,675905,139,676700,115,0,0,0,0,U,25.07.2019,19.08.2019 11:59
1343,676236,675905,176,676700,78,0,0,0,0,U,25.07.2019,26.08.2019 09:50
1344,676306,675905,91,676700,163,0,0,0,0,U,25.07.2019,22.08.2019 06:30
1345,676401,675905,205,676700,181,0,0,0,0,U,25.07.2019,22.08.2019 12:38
1346,676503,675905,207,676700,47,0,0,0,0,U,09.01.2024,08.01.2024 11:42
1347,676518,675905,229,676700,69,0,0,0,0,U,25.07.2019,21.08.2019 14:09
1348,676715,675905,227,676700,27,0,0,0,0,U,25.07.2019,22.08.2019 07:01
1349,691700,669904,120,662801,379,0,0,0,0,U,25.07.2019,21.08.2019 13:33
1350,691804,669904,136,662801,363,0,0,0,0,U,25.07.2019,28.08.2019 14:03
1351,691908,669904,162,662801,337,0,0,0,0,U,25.07.2019,22.08.2019 06:33
1352,692008,669904,185,662801,314,0,0,0,0,U,25.02.2021,25.02.2021 13:52
1353,692101,669904,206,662801,293,0,0,0,0,U,25.07.2019,28.08.2019 06:26
1354,692205,669904,231,662801,268,0,0,0,0,U,25.07.2019,27.08.2019 07:31
1355,692309,669904,264,662801,235,0,0,0,0,U,25.07.2019,27.08.2019 08:15
1356,679605,669904,26,662801,473,0,0,0,0,U,25.07.2019,27.08.2019 08:21
1357,679709,669904,53,662801,446,0,0,0,0,U,25.07.2019,16.08.2019 13:02
1358,679802,669904,67,662801,432,0,0,0,0,U,25.07.2019,19.08.2019 12:32
1359,679906,669904,97,662801,402,0,0,0,0,U,25.07.2019,20.08.2019 06:51
1360,704309,700007,32,700505,11,0,0,0,0,U,25.07.2024,23.07.2024 10:46
1361,696507,669904,291,662801,208,0,0,0,0,U,25.07.2019,26.08.2019 07:01
1362,696600,669904,317,662801,182,0,0,0,0,U,25.07.2019,28.08.2019 07:31
1363,700204,700007,7,700505,36,0,0,0,0,U,25.07.2019,26.08.2019 09:45
1364,700308,700007,12,700505,31,0,0,0,0,U,25.07.2019,22.08.2019 07:34
1365,700401,700007,19,700505,24,0,0,0,0,U,25.07.2019,19.08.2019 12:35
1366,713204,669904,395,662801,104,0,0,0,0,U,25.07.2019,28.08.2019 12:30
1367,714705,669904,341,662801,158,0,0,0,0,U,25.07.2019,22.08.2019 06:38
1368,710206,669904,459,662801,40,0,0,0,0,U,25.07.2019,28.08.2019 06:46
1369,710300,669904,477,662801,22,0,0,0,0,U,25.07.2019,19.08.2019 07:20
1370,710704,669904,439,662801,60,0,0,0,0,U,25.07.2019,27.08.2019 08:14
1371,710808,669904,418,662801,81,0,0,0,0,U,25.07.2019,26.08.2019 12:14
1372,710901,669904,368,662801,131,0,0,0,0,U,25.07.2019,27.08.2019 08:17
1373,707909,708009,55,708507,263,700505,558,677309,570,U,03.08.2021,03.08.2021 09:54
1374,708102,708009,124,708507,194,700505,627,677309,639,U,03.08.2021,03.08.2021 09:57
1375,708117,708009,101,708507,217,700505,604,677309,616,U,03.08.2021,03.08.2021 09:56
1376,708121,708009,78,708507,240,700505,581,677309,593,U,03.08.2021,03.08.2021 09:55
1377,708136,708009,32,708507,286,700505,535,677309,547,U,03.08.2021,03.08.2021 09:52
1378,708155,708009,8,708507,310,700505,511,677309,523,U,03.08.2021,03.08.2021 09:53
1379,708206,708009,144,708507,174,700505,647,677309,659,U,03.08.2021,03.08.2021 09:58
1380,708259,708009,213,708507,105,700505,716,677309,728,U,29.05.2023,29.05.2023 09:22
1381,708263,708009,242,708507,76,700505,745,677309,757,U,03.08.2021,03.08.2021 10:02
1382,708278,708009,166,708507,152,700505,669,677309,681,U,03.08.2021,03.08.2021 09:59
1383,708282,708009,192,708507,126,700505,695,677309,707,U,19.11.2024,18.11.2024 13:59
1384,708302,708009,263,708507,55,700505,766,677309,778,U,03.08.2021,03.08.2021 10:03
1385,708329,708009,285,708507,33,700505,788,677309,800,U,03.08.2021,03.08.2021 10:04
1386,708403,708009,310,708507,8,700505,813,677309,825,U,03.08.2021,03.08.2021 10:10
1387,710102,708009,310,708507,8,700505,813,677309,825,U,03.08.2021,03.08.2021 10:11
1388,710403,708009,310,708507,8,700505,813,677309,825,U,03.08.2021,03.08.2021 10:12
1389,694906,694605,57,696102,139,709302,468,709406,473,U,25.07.2019,21.08.2019 13:48
1390,695006,694605,25,696102,107,709302,436,709406,441,U,25.07.2019,26.08.2019 09:32
1391,695010,694605,38,696102,120,709302,449,709406,454,U,25.07.2019,28.08.2019 06:54
1392,695108,694605,12,696102,120,709302,449,709406,454,U,25.07.2019,19.08.2019 12:03
1393,695203,694605,66,696102,148,709302,477,709406,482,U,25.07.2019,28.08.2019 13:09
1394,695307,694605,41,696102,91,709302,420,709406,425,U,25.07.2019,22.08.2019 15:22
1395,695400,694605,57,696102,75,709302,404,709406,409,U,21.06.2024,20.06.2024 10:38
1396,695504,694605,88,696102,44,709302,373,709406,378,U,25.07.2019,28.08.2019 06:25
1397,695519,694605,105,696102,27,709302,356,709406,361,U,25.07.2019,27.08.2019 08:45
1398,695608,694605,206,696102,122,709302,255,709406,260,U,19.03.2021,19.03.2021 08:47
1399,695701,694605,126,696102,42,709302,335,709406,340,U,19.03.2021,19.03.2021 08:41
1400,695792,694605,110,696102,26,709302,351,709406,356,U,19.03.2021,19.03.2021 08:40
1401,695805,694605,137,696102,53,709302,324,709406,329,U,19.03.2021,19.03.2021 08:42
1402,695812,694605,167,696102,83,709302,294,709406,299,U,19.03.2021,19.03.2021 08:43
1403,695839,694605,249,696102,165,709302,212,709406,217,U,19.03.2021,19.03.2021 08:48
1404,695843,694605,292,696102,208,709302,169,709406,174,U,19.03.2021,19.03.2021 09:07
1405,696009,694605,118,696102,14,709302,363,709406,368,U,14.08.2024,13.08.2024 15:13
1406,709317,694605,445,696102,361,709302,16,709406,21,U,19.03.2021,19.03.2021 09:19
1407,709340,694605,421,696102,337,709302,40,709406,45,U,19.03.2021,19.03.2021 09:17
1408,709603,694605,378,696102,294,709302,83,709406,88,U,19.03.2021,19.03.2021 09:15
1409,709707,694605,323,696102,239,709302,138,709406,143,U,19.03.2021,19.03.2021 09:13
1410,709800,694605,388,696102,304,709302,73,709406,78,U,19.03.2021,19.03.2021 09:16
1411,709618,694605,459,696102,375,709302,2,709406,7,U,19.03.2021,19.03.2021 09:20
1412,709622,694605,462,696102,378,709302,4,709406,4,U,08.09.2021,08.09.2021 12:52
1413,709637,694605,406,696102,322,709302,55,709406,60,U,19.03.2021,19.03.2021 09:17
1414,696032,694605,128,696102,4,709302,373,709406,378,U,19.03.2021,19.03.2021 09:26
1415,696028,694605,126,696102,6,709302,371,709406,376,U,19.03.2021,19.03.2021 09:25
1416,696013,694605,109,696102,23,709302,354,709406,359,U,19.03.2021,19.03.2021 09:22
1417,708691,694605,350,696102,266,709302,111,709406,116,U,19.03.2021,19.03.2021 09:14